mach,altitude_m,altitude_ft,adp_bpr,adp_thrust_kN,adp_core_kN,adp_bypass_kN,adp_isp_s,adp_fuel_kgs,adp_m_core,adp_m_bypass,fix_bpr,fix_thrust_kN,fix_core_kN,fix_bypass_kN,fix_isp_s,fix_fuel_kgs,delta_thrust_kN,delta_isp_s,delta_fuel_kgs,delta_bpr
0.0,0.0,0.0,0.15,28.6253,26.7261,1.8992,3355.67,0.86957,43.4783,6.5217,0.3,27.0025,23.6423,3.3601,3578.31,0.76923,1.6229,-222.64,0.10033,-0.15
0.075,0.0,0.0,0.15,28.6301,26.7299,1.9003,3356.23,0.86957,43.4783,6.5217,0.3,27.0077,23.6457,3.362,3579.0,0.76923,1.6225,-222.76,0.10033,-0.15
0.15,0.0,0.0,0.15,28.6446,26.7411,1.9035,3357.93,0.86957,43.4783,6.5217,0.3,27.0233,23.6556,3.3677,3581.07,0.76923,1.6213,-223.14,0.10033,-0.15
0.225,0.0,0.0,0.15,28.6686,26.7598,1.9088,3360.75,0.86957,43.4783,6.5217,0.3,27.0492,23.6722,3.3771,3584.51,0.76923,1.6194,-223.76,0.10033,-0.15
0.3,0.0,0.0,0.15,28.7022,26.786,1.9162,3364.69,0.86957,43.4783,6.5217,0.3,27.0856,23.6953,3.3902,3589.32,0.76923,1.6167,-224.63,0.10033,-0.15
0.375,0.0,0.0,0.15,28.7454,26.8197,1.9257,3369.74,0.86957,43.4783,6.5217,0.3,27.1321,23.7251,3.407,3595.49,0.76923,1.6133,-225.75,0.10033,-0.15
0.45,0.0,0.0,0.245,27.7339,24.8111,2.9228,3519.74,0.80321,40.1606,9.8394,0.3,27.1889,23.7614,3.4275,3603.01,0.76923,0.545,-83.27,0.03398,-0.055
0.525,0.0,0.0,0.3875,26.4801,22.3031,4.177,3745.27,0.72072,36.036,13.964,0.3,27.2557,23.8042,3.4515,3611.87,0.76923,-0.7756,133.4,-0.04851,0.0875
0.6,0.0,0.0,0.53,25.49,20.2677,5.2223,3975.51,0.65359,32.6797,17.3203,0.3,27.3326,23.8536,3.479,3622.05,0.76923,-1.8426,353.45,-0.11564,0.23
0.675,0.0,0.0,0.6725,24.6999,18.5843,6.1156,4211.07,0.59791,29.8954,20.1046,0.3,27.4193,23.9094,3.5099,3633.54,0.76923,-2.7194,577.53,-0.17132,0.3725
0.75,0.0,0.0,0.815,24.0659,17.1697,6.8962,4452.56,0.55096,27.5482,22.4518,0.3,27.5157,23.9716,3.5441,3646.32,0.76923,-3.4498,806.24,-0.21827,0.515
0.825,0.0,0.0,0.9575,23.5568,15.9654,7.5915,4700.56,0.51086,25.5428,24.4572,0.3,27.6217,24.0402,3.5815,3660.36,0.76923,-4.0648,1040.2,-0.25838,0.6575
0.9,0.0,0.0,1.1,23.1499,14.9284,8.2215,4955.63,0.47619,23.8095,26.1905,0.3,27.7371,24.115,3.6221,3675.66,0.76923,-4.5872,1279.97,-0.29304,0.8
0.975,0.0,0.0,1.0375,23.5264,15.438,8.0884,4886.35,0.4908,24.5399,25.4601,0.3,27.8618,24.1962,3.6656,3692.19,0.76923,-4.3354,1194.17,-0.27843,0.7375
1.05,0.0,0.0,0.975,23.9252,15.984,7.9411,4816.74,0.50633,25.3165,24.6835,0.3,27.9956,24.2835,3.7121,3709.92,0.76923,-4.0704,1106.83,-0.2629,0.675
1.125,0.0,0.0,0.9125,24.3468,16.5699,7.7769,4746.51,0.52288,26.1438,23.8562,0.3,28.1383,24.3769,3.7614,3728.83,0.76923,-3.7915,1017.68,-0.24635,0.6125
1.2,0.0,0.0,0.85,24.7921,17.1996,7.5924,4675.36,0.54054,27.027,22.973,0.3,28.2898,24.4764,3.8134,3748.9,0.76923,-3.4977,926.46,-0.22869,0.55
1.275,0.0,0.0,0.7875,25.262,17.8777,7.3843,4603.04,0.55944,27.972,22.028,0.3,28.4498,24.5818,3.868,3770.1,0.76923,-3.1878,832.93,-0.20979,0.4875
1.35,0.0,0.0,0.725,25.7578,18.6093,7.1485,4529.28,0.57971,28.9855,21.0145,0.3,28.6182,24.6932,3.925,3792.42,0.76923,-2.8604,736.86,-0.18952,0.425
1.425,0.0,0.0,0.6625,26.2809,19.4006,6.8804,4453.83,0.6015,30.0752,19.9248,0.3,28.7948,24.8103,3.9844,3815.82,0.76923,-2.5138,638.01,-0.16773,0.3625
1.5,0.0,0.0,0.6,26.8332,20.2583,6.5749,4376.46,0.625,31.25,18.75,0.3,28.9794,24.9332,4.0461,3840.28,0.76923,-2.1462,536.18,-0.14423,0.3
1.575,0.0,0.0,0.5375,27.4167,21.1905,6.2262,4296.96,0.65041,32.5203,17.4797,0.3,29.1718,25.0618,4.11,3865.78,0.76923,-1.7551,431.18,-0.11882,0.2375
1.65,0.0,0.0,0.475,28.0339,22.2066,5.8274,4215.09,0.67797,33.8983,16.1017,0.3,29.3718,25.1959,4.1759,3892.29,0.76923,-1.3379,322.8,-0.09126,0.175
1.725,0.0,0.0,0.4125,28.6881,23.3177,5.3704,4130.68,0.70796,35.3982,14.6018,0.3,29.5793,25.3355,4.2438,3919.79,0.76923,-0.8912,210.89,-0.06127,0.1125
1.8,0.0,0.0,0.35,29.3829,24.5368,4.8461,4043.51,0.74074,37.037,12.963,0.3,29.7941,25.4805,4.3135,3948.24,0.76923,-0.4112,95.27,-0.02849,0.05
0.0,631.6,2072.0,0.1551,28.502,26.5608,1.9411,3356.03,0.86573,43.2863,6.7137,0.3,26.9364,23.6003,3.3361,3569.56,0.76923,1.5655,-213.53,0.0965,-0.1449
0.075,631.6,2072.0,0.1551,28.5067,26.5645,1.9422,3356.59,0.86573,43.2863,6.7137,0.3,26.9416,23.6036,3.338,3570.24,0.76923,1.5652,-213.65,0.0965,-0.1449
0.15,631.6,2072.0,0.1551,28.5211,26.5756,1.9455,3358.27,0.86573,43.2863,6.7137,0.3,26.957,23.6134,3.3436,3572.28,0.76923,1.564,-214.01,0.0965,-0.1449
0.225,631.6,2072.0,0.1551,28.5449,26.594,1.9509,3361.08,0.86573,43.2863,6.7137,0.3,26.9827,23.6298,3.3529,3575.69,0.76923,1.5622,-214.61,0.0965,-0.1449
0.3,631.6,2072.0,0.1551,28.5782,26.6197,1.9585,3365.01,0.86573,43.2863,6.7137,0.3,27.0186,23.6526,3.366,3580.45,0.76923,1.5596,-215.44,0.0965,-0.1449
0.375,631.6,2072.0,0.1551,28.621,26.6528,1.9682,3370.04,0.86573,43.2863,6.7137,0.3,27.0647,23.682,3.3827,3586.56,0.76923,1.5563,-216.51,0.0965,-0.1449
0.45,631.6,2072.0,0.2501,27.6148,24.6646,2.9502,3518.99,0.79994,39.9968,10.0032,0.3,27.1209,23.7179,3.403,3594.0,0.76923,0.494,-75.01,0.03071,-0.0499
0.525,631.6,2072.0,0.3926,26.3666,22.1803,4.1864,3742.93,0.71808,35.9041,14.0959,0.3,27.187,23.7602,3.4268,3602.76,0.76923,-0.8204,140.17,-0.05115,0.0926
0.6,631.6,2072.0,0.5351,25.38,20.1626,5.2174,3971.55,0.65142,32.5712,17.4288,0.3,27.263,23.8089,3.4541,3612.84,0.76923,-1.883,358.71,-0.11781,0.2351
0.675,631.6,2072.0,0.6776,24.592,18.4926,6.0993,4205.45,0.59609,29.8045,20.1955,0.3,27.3488,23.864,3.4848,3624.21,0.76923,-2.7568,581.25,-0.17314,0.3776
0.75,631.6,2072.0,0.8201,23.9591,17.0887,6.8704,4445.25,0.54942,27.471,22.529,0.3,27.4442,23.9255,3.5188,3636.85,0.76923,-3.4851,808.4,-0.21981,0.5201
0.825,631.6,2072.0,0.9626,23.4504,15.8928,7.5577,4691.52,0.50953,25.4764,24.5236,0.3,27.5491,23.9932,3.5559,3650.75,0.76923,-4.0987,1040.77,-0.2597,0.6626
0.9,631.6,2072.0,1.1051,23.0434,14.8626,8.1807,4944.81,0.47504,23.7518,26.2482,0.3,27.6633,24.0672,3.5962,3665.88,0.76923,-4.62,1278.92,-0.29419,0.8051
0.975,631.6,2072.0,1.0426,23.4183,15.3684,8.0499,4876.07,0.48957,24.4786,25.5214,0.3,27.7867,24.1473,3.6394,3682.24,0.76923,-4.3684,1193.83,-0.27966,0.7426
1.05,631.6,2072.0,0.9801,23.8153,15.9101,7.9052,4807.0,0.50502,25.2512,24.7488,0.3,27.9191,24.2335,3.6856,3699.78,0.76923,-4.1038,1107.22,-0.26421,0.6801
1.125,631.6,2072.0,0.9176,24.235,16.4912,7.7438,4737.31,0.52149,26.0743,23.9257,0.3,28.0603,24.3258,3.7345,3718.49,0.76923,-3.8253,1018.82,-0.24775,0.6176
1.2,631.6,2072.0,0.8551,24.6782,17.1157,7.5625,4666.73,0.53905,26.9527,23.0473,0.3,28.2102,24.4241,3.7861,3738.36,0.76923,-3.532,928.37,-0.23018,0.5551
1.275,631.6,2072.0,0.7926,25.146,17.788,7.358,4594.97,0.55785,27.8924,22.1076,0.3,28.3686,24.5282,3.8403,3759.34,0.76923,-3.2226,835.63,-0.21138,0.4926
1.35,631.6,2072.0,0.7301,25.6394,18.5132,7.1262,4521.79,0.578,28.9001,21.0999,0.3,28.5352,24.6383,3.897,3781.42,0.76923,-2.8958,740.37,-0.19123,0.4301
1.425,631.6,2072.0,0.6676,26.1601,19.2973,6.8627,4446.94,0.59966,29.9832,20.0168,0.3,28.71,24.754,3.9559,3804.58,0.76923,-2.5499,642.36,-0.16957,0.3676
1.5,631.6,2072.0,0.6051,26.7096,20.1471,6.5625,4370.19,0.62301,31.1507,18.8493,0.3,28.8926,24.8754,4.0172,3828.79,0.76923,-2.1831,541.4,-0.14622,0.3051
1.575,631.6,2072.0,0.5426,27.2901,21.0704,6.2197,4291.31,0.64826,32.4128,17.5872,0.3,29.0831,25.0025,4.0806,3854.02,0.76923,-1.7929,437.29,-0.12097,0.2426
1.65,631.6,2072.0,0.4801,27.9042,22.0766,5.8277,4210.1,0.67563,33.7815,16.2185,0.3,29.281,25.135,4.146,3880.26,0.76923,-1.3768,329.84,-0.0936,0.1801
1.725,631.6,2072.0,0.4176,28.5549,23.1764,5.3785,4126.35,0.70542,35.2709,14.7291,0.3,29.4864,25.273,4.2134,3907.47,0.76923,-0.9315,218.88,-0.06381,0.1176
1.8,631.6,2072.0,0.3551,29.2459,24.3828,4.8632,4039.88,0.73795,36.8976,13.1024,0.3,29.6989,25.4162,4.2827,3935.64,0.76923,-0.453,104.24,-0.03128,0.0551
0.0,1263.2,4144.0,0.1601,28.3798,26.3992,1.9806,3356.1,0.86199,43.0997,6.9003,0.3,26.8701,23.5582,3.3119,3560.77,0.76923,1.5097,-204.67,0.09276,-0.1399
0.075,1263.2,4144.0,0.1601,28.3845,26.4028,1.9817,3356.66,0.86199,43.0997,6.9003,0.3,26.8752,23.5615,3.3138,3561.45,0.76923,1.5093,-204.78,0.09276,-0.1399
0.15,1263.2,4144.0,0.1601,28.3987,26.4137,1.985,3358.34,0.86199,43.0997,6.9003,0.3,26.8905,23.5711,3.3193,3563.47,0.76923,1.5082,-205.13,0.09276,-0.1399
0.225,1263.2,4144.0,0.1601,28.4224,26.4318,1.9906,3361.14,0.86199,43.0997,6.9003,0.3,26.9159,23.5873,3.3286,3566.84,0.76923,1.5064,-205.7,0.09276,-0.1399
0.3,1263.2,4144.0,0.1601,28.4554,26.4571,1.9983,3365.05,0.86199,43.0997,6.9003,0.3,26.9515,23.6099,3.3416,3571.55,0.76923,1.504,-206.5,0.09276,-0.1399
0.375,1263.2,4144.0,0.1601,28.4978,26.4896,2.0083,3370.06,0.86199,43.0997,6.9003,0.3,26.997,23.6389,3.3582,3577.59,0.76923,1.5008,-207.53,0.09276,-0.1399
0.45,1263.2,4144.0,0.2551,27.4967,24.5212,2.9754,3517.95,0.79675,39.8375,10.1625,0.3,27.0526,23.6743,3.3783,3584.95,0.76923,0.4441,-67.0,0.02752,-0.0449
0.525,1263.2,4144.0,0.3976,26.2538,22.0599,4.1939,3740.29,0.71551,35.7756,14.2244,0.3,27.118,23.7161,3.402,3593.62,0.76923,-0.8643,146.67,-0.05372,0.0976
0.6,1263.2,4144.0,0.5401,25.2704,20.0594,5.211,3967.27,0.64931,32.4654,17.5346,0.3,27.1933,23.7642,3.4291,3603.59,0.76923,-1.9229,363.68,-0.11992,0.2401
0.675,1263.2,4144.0,0.6826,24.4842,18.4026,6.0817,4199.51,0.59432,29.7159,20.2841,0.3,27.2781,23.8186,3.4595,3614.84,0.76923,-2.7939,584.67,-0.17491,0.3826
0.75,1263.2,4144.0,0.8251,23.8523,17.009,6.8434,4437.6,0.54792,27.3958,22.6042,0.3,27.3725,23.8793,3.4932,3627.35,0.76923,-3.5202,810.26,-0.22132,0.5251
0.825,1263.2,4144.0,0.9676,23.344,15.8213,7.5227,4682.12,0.50823,25.4117,24.5883,0.3,27.4763,23.9461,3.5301,3641.1,0.76923,-4.1323,1041.02,-0.261,0.6676
0.9,1263.2,4144.0,1.1101,22.9367,14.7978,8.1388,4933.6,0.47391,23.6956,26.3044,0.3,27.5893,24.0192,3.5701,3656.07,0.76923,-4.6526,1277.53,-0.29532,0.8101
0.975,1263.2,4144.0,1.0476,23.31,15.2998,8.0102,4865.4,0.48838,24.4188,25.5812,0.3,27.7114,24.0983,3.613,3672.25,0.76923,-4.4013,1193.15,-0.28085,0.7476
1.05,1263.2,4144.0,0.9851,23.7053,15.8372,7.868,4796.88,0.50375,25.1876,24.8124,0.3,27.8423,24.1835,3.6589,3689.61,0.76923,-4.1371,1107.27,-0.26548,0.6851
1.125,1263.2,4144.0,0.9226,24.1231,16.4137,7.7094,4727.74,0.52013,26.0064,23.9936,0.3,27.9821,24.2746,3.7074,3708.12,0.76923,-3.8589,1019.62,-0.2491,0.6226
1.2,1263.2,4144.0,0.8601,24.5643,17.033,7.5313,4657.71,0.53761,26.8803,23.1197,0.3,28.1303,24.3717,3.7587,3727.77,0.76923,-3.566,929.94,-0.23163,0.5601
1.275,1263.2,4144.0,0.7976,25.0299,17.6997,7.3303,4586.53,0.5563,27.8149,22.1851,0.3,28.287,24.4746,3.8125,3748.54,0.76923,-3.2571,837.99,-0.21293,0.4976
1.35,1263.2,4144.0,0.7351,25.5211,18.4186,7.1024,4513.93,0.57634,28.8168,21.1832,0.3,28.4519,24.5832,3.8687,3770.39,0.76923,-2.9308,743.54,-0.1929,0.4351
1.425,1263.2,4144.0,0.6726,26.0392,19.1958,6.8435,4439.67,0.59787,29.8936,20.1064,0.3,28.6248,24.6976,3.9273,3793.3,0.76923,-2.5856,646.38,-0.17136,0.3726
1.5,1263.2,4144.0,0.6101,26.5861,20.0377,6.5483,4363.53,0.62108,31.054,18.946,0.3,28.8056,24.8175,3.9881,3817.25,0.76923,-2.2195,546.28,-0.14815,0.3101
1.575,1263.2,4144.0,0.5476,27.1638,20.9524,6.2114,4285.28,0.64616,32.3081,17.6919,0.3,28.994,24.943,4.051,3842.22,0.76923,-1.8302,443.06,-0.12307,0.2476
1.65,1263.2,4144.0,0.4851,27.7747,21.9488,5.826,4204.72,0.67336,33.6678,16.3322,0.3,29.1899,25.0739,4.116,3868.18,0.76923,-1.4151,336.54,-0.09588,0.1851
1.725,1263.2,4144.0,0.4226,28.4221,23.0376,5.3845,4121.64,0.70294,35.1469,14.8531,0.3,29.3931,25.2102,4.1829,3895.11,0.76923,-0.971,226.53,-0.06629,0.1226
1.8,1263.2,4144.0,0.3601,29.1094,24.2316,4.8779,4035.85,0.73524,36.762,13.238,0.3,29.6034,25.3518,4.2516,3922.98,0.76923,-0.494,112.87,-0.03399,0.0601
0.0,1894.7,6216.0,0.1652,28.2563,26.2366,2.0198,3356.2,0.85822,42.9111,7.0889,0.3,26.8036,23.5161,3.2875,3551.95,0.76923,1.4528,-195.75,0.08899,-0.1348
0.075,1894.7,6216.0,0.1652,28.261,26.2401,2.0209,3356.76,0.85822,42.9111,7.0889,0.3,26.8086,23.5192,3.2894,3552.62,0.76923,1.4524,-195.86,0.08899,-0.1348
0.15,1894.7,6216.0,0.1652,28.2751,26.2508,2.0243,3358.43,0.85822,42.9111,7.0889,0.3,26.8237,23.5288,3.2949,3554.62,0.76923,1.4514,-196.19,0.08899,-0.1348
0.225,1894.7,6216.0,0.1652,28.2986,26.2686,2.03,3361.21,0.85822,42.9111,7.0889,0.3,26.8489,23.5447,3.3041,3557.96,0.76923,1.4497,-196.74,0.08899,-0.1348
0.3,1894.7,6216.0,0.1652,28.3313,26.2935,2.0379,3365.1,0.85822,42.9111,7.0889,0.3,26.884,23.567,3.317,3562.61,0.76923,1.4473,-197.51,0.08899,-0.1348
0.375,1894.7,6216.0,0.1652,28.3734,26.3254,2.048,3370.1,0.85822,42.9111,7.0889,0.3,26.9291,23.5957,3.3334,3568.59,0.76923,1.4443,-198.49,0.08899,-0.1348
0.45,1894.7,6216.0,0.2602,27.3774,24.3769,3.0004,3516.92,0.79352,39.6762,10.3238,0.3,26.9841,23.6306,3.3534,3575.87,0.76923,0.3933,-58.96,0.02429,-0.0398
0.525,1894.7,6216.0,0.4027,26.1398,21.9387,4.2011,3737.64,0.71291,35.6455,14.3545,0.3,27.0488,23.6719,3.3769,3584.45,0.76923,-0.909,153.2,-0.05632,0.1027
0.6,1894.7,6216.0,0.5452,25.1597,19.9555,5.2043,3962.98,0.64717,32.3583,17.6417,0.3,27.1232,23.7194,3.4038,3594.31,0.76923,-1.9635,368.67,-0.12207,0.2452
0.675,1894.7,6216.0,0.6877,24.3755,18.3119,6.0636,4193.54,0.59252,29.6261,20.3739,0.3,27.2071,23.7731,3.434,3605.43,0.76923,-2.8316,588.11,-0.17671,0.3877
0.75,1894.7,6216.0,0.8302,23.7446,16.9287,6.8159,4429.91,0.54639,27.3194,22.6806,0.3,27.3005,23.833,3.4675,3617.8,0.76923,-3.5559,812.1,-0.22284,0.5302
0.825,1894.7,6216.0,0.9727,23.2366,15.7493,7.4872,4672.66,0.50692,25.346,24.654,0.3,27.4032,23.899,3.5041,3631.41,0.76923,-4.1666,1041.25,-0.26231,0.6727
0.9,1894.7,6216.0,1.1152,22.8291,14.7326,8.0965,4922.33,0.47277,23.6384,26.3616,0.3,27.5149,23.9711,3.5438,3646.22,0.76923,-4.6858,1276.11,-0.29646,0.8152
0.975,1894.7,6216.0,1.0527,23.2008,15.2307,7.9702,4854.67,0.48716,24.3582,25.6418,0.3,27.6357,24.0492,3.5865,3662.22,0.76923,-4.4349,1192.45,-0.28207,0.7527
1.05,1894.7,6216.0,0.9902,23.5943,15.7639,7.8304,4786.69,0.50246,25.1231,24.8769,0.3,27.7653,24.1333,3.6319,3679.39,0.76923,-4.1709,1107.3,-0.26677,0.6902
1.125,1894.7,6216.0,0.9277,24.0103,16.3357,7.6746,4718.11,0.51875,25.9376,24.0624,0.3,27.9035,24.2233,3.6802,3697.71,0.76923,-3.8932,1020.4,-0.25048,0.6277
1.2,1894.7,6216.0,0.8652,24.4495,16.9499,7.4996,4648.65,0.53614,26.8068,23.1932,0.3,28.0502,24.3192,3.731,3717.15,0.76923,-3.6007,931.5,-0.2331,0.5652
1.275,1894.7,6216.0,0.8027,24.9129,17.6108,7.3021,4578.04,0.55472,27.7362,22.2638,0.3,28.2052,24.4208,3.7844,3737.69,0.76923,-3.2922,840.35,-0.21451,0.5027
1.35,1894.7,6216.0,0.7402,25.4017,18.3235,7.0783,4506.03,0.57465,28.7323,21.2677,0.3,28.3683,24.5281,3.8402,3759.3,0.76923,-2.9665,746.72,-0.19458,0.4402
1.425,1894.7,6216.0,0.6777,25.9174,19.0936,6.8238,4432.37,0.59605,29.8027,20.1973,0.3,28.5393,24.641,3.8984,3781.97,0.76923,-2.622,650.4,-0.17318,0.3777
1.5,1894.7,6216.0,0.6152,26.4615,19.9277,6.5338,4356.85,0.61912,30.9559,19.0441,0.3,28.7182,24.7595,3.9587,3805.67,0.76923,-2.2566,551.18,-0.15011,0.3152
1.575,1894.7,6216.0,0.5527,27.0363,20.8337,6.2026,4279.23,0.64404,32.202,17.798,0.3,28.9046,24.8834,4.0212,3830.37,0.76923,-1.8683,448.86,-0.12519,0.2527
1.65,1894.7,6216.0,0.4902,27.6441,21.8202,5.8239,4199.32,0.67105,33.5525,16.4475,0.3,29.0984,25.0127,4.0857,3856.06,0.76923,-1.4542,343.26,-0.09818,0.1902
1.725,1894.7,6216.0,0.4277,28.2881,22.8981,5.39,4116.91,0.70043,35.0214,14.9786,0.3,29.2994,25.1473,4.1521,3882.7,0.76923,-1.0114,234.21,-0.0688,0.1277
1.8,1894.7,6216.0,0.3652,28.9717,24.0795,4.8922,4031.82,0.73249,36.6247,13.3753,0.3,29.5075,25.2872,4.2203,3910.27,0.76923,-0.5358,121.55,-0.03674,0.0652
0.0,2526.3,8288.0,0.1702,28.1341,26.0775,2.0565,3356.01,0.85455,42.7277,7.2723,0.3,26.7368,23.4738,3.263,3543.1,0.76923,1.3973,-187.09,0.08532,-0.1298
0.075,2526.3,8288.0,0.1702,28.1387,26.081,2.0577,3356.57,0.85455,42.7277,7.2723,0.3,26.7418,23.4769,3.2648,3543.76,0.76923,1.397,-187.19,0.08532,-0.1298
0.15,2526.3,8288.0,0.1702,28.1527,26.0915,2.0612,3358.23,0.85455,42.7277,7.2723,0.3,26.7567,23.4864,3.2703,3545.74,0.76923,1.396,-187.51,0.08532,-0.1298
0.225,2526.3,8288.0,0.1702,28.1759,26.109,2.0669,3361.01,0.85455,42.7277,7.2723,0.3,26.7816,23.5021,3.2794,3549.04,0.76923,1.3943,-188.03,0.08532,-0.1298
0.3,2526.3,8288.0,0.1702,28.2084,26.1335,2.075,3364.88,0.85455,42.7277,7.2723,0.3,26.8163,23.5241,3.2922,3553.64,0.76923,1.3921,-188.76,0.08532,-0.1298
0.375,2526.3,8288.0,0.1702,28.2501,26.1649,2.0852,3369.85,0.85455,42.7277,7.2723,0.3,26.8609,23.5524,3.3085,3559.55,0.76923,1.3892,-189.7,0.08532,-0.1298
0.45,2526.3,8288.0,0.2652,27.2589,24.2357,3.0232,3515.59,0.79039,39.5194,10.4806,0.3,26.9153,23.5869,3.3284,3566.75,0.76923,0.3436,-51.16,0.02116,-0.0348
0.525,2526.3,8288.0,0.4077,26.0264,21.8199,4.2065,3734.69,0.71038,35.5189,14.4811,0.3,26.9793,23.6276,3.3517,3575.24,0.76923,-0.9529,159.45,-0.05885,0.1077
0.6,2526.3,8288.0,0.5502,25.0494,19.8534,5.196,3958.37,0.64508,32.2539,17.7461,0.3,27.0529,23.6745,3.3784,3584.99,0.76923,-2.0035,373.38,-0.12415,0.2502
0.675,2526.3,8288.0,0.6927,24.267,18.2228,6.0442,4187.23,0.59077,29.5386,20.4614,0.3,27.1359,23.7275,3.4084,3595.99,0.76923,-2.8689,591.24,-0.17846,0.3927
0.75,2526.3,8288.0,0.8352,23.6369,16.8497,6.7872,4421.87,0.5449,27.245,22.755,0.3,27.2282,23.7866,3.4416,3608.23,0.76923,-3.5913,813.64,-0.22433,0.5352
0.825,2526.3,8288.0,0.9777,23.1291,15.6785,7.4506,4662.84,0.50564,25.2819,24.7181,0.3,27.3297,23.8518,3.478,3621.68,0.76923,-4.2006,1041.16,-0.26359,0.6777
0.9,2526.3,8288.0,1.1202,22.7213,14.6683,8.053,4910.68,0.47165,23.5827,26.4173,0.3,27.4403,23.9229,3.5174,3636.33,0.76923,-4.719,1274.35,-0.29758,0.8202
0.975,2526.3,8288.0,1.0577,23.0915,15.1626,7.9289,4843.56,0.48598,24.299,25.701,0.3,27.5597,24.0001,3.5597,3652.16,0.76923,-4.4682,1191.41,-0.28325,0.7577
1.05,2526.3,8288.0,0.9952,23.4833,15.6917,7.7916,4776.13,0.5012,25.0601,24.9399,0.3,27.6879,24.0831,3.6048,3669.14,0.76923,-4.2046,1106.99,-0.26803,0.6952
1.125,2526.3,8288.0,0.9327,23.8974,16.2589,7.6385,4708.1,0.51741,25.8705,24.1295,0.3,27.8246,24.1719,3.6527,3687.25,0.76923,-3.9272,1020.85,-0.25182,0.6327
1.2,2526.3,8288.0,0.8702,24.3346,16.868,7.4666,4639.2,0.5347,26.7351,23.2649,0.3,27.9697,24.2665,3.7031,3706.48,0.76923,-3.6351,932.72,-0.23453,0.5702
1.275,2526.3,8288.0,0.8077,24.7959,17.5233,7.2726,4569.16,0.55319,27.6595,22.3405,0.3,28.123,24.3668,3.7561,3726.8,0.76923,-3.3271,842.37,-0.21604,0.5077
1.35,2526.3,8288.0,0.7452,25.2824,18.2298,7.0526,4497.74,0.573,28.65,21.35,0.3,28.2843,24.4728,3.8115,3748.18,0.76923,-3.0019,749.56,-0.19623,0.4452
1.425,2526.3,8288.0,0.6827,25.7955,18.993,6.8025,4424.69,0.59428,29.7141,20.2859,0.3,28.4535,24.5843,3.8692,3770.6,0.76923,-2.658,654.09,-0.17495,0.3827
1.5,2526.3,8288.0,0.6202,26.3371,19.8195,6.5175,4349.78,0.61721,30.8604,19.1396,0.3,28.6304,24.7013,3.9291,3794.04,0.76923,-2.2933,555.74,-0.15202,0.3202
1.575,2526.3,8288.0,0.5577,26.909,20.7169,6.1921,4272.8,0.64197,32.0986,17.9014,0.3,28.8148,24.8236,3.9911,3818.47,0.76923,-1.9058,454.32,-0.12726,0.2577
1.65,2526.3,8288.0,0.4952,27.5138,21.6939,5.8198,4193.53,0.66881,33.4403,16.5597,0.3,29.0065,24.9513,4.0552,3843.88,0.76923,-1.4927,349.66,-0.10042,0.1952
1.725,2526.3,8288.0,0.4327,28.1544,22.7609,5.3934,4111.8,0.69798,34.8991,15.1009,0.3,29.2054,25.0843,4.1211,3870.23,0.76923,-1.051,241.57,-0.07125,0.1327
1.8,2526.3,8288.0,0.3702,28.8344,23.9302,4.9042,4027.41,0.72982,36.491,13.509,0.3,29.4112,25.2224,4.1888,3897.51,0.76923,-0.5769,129.89,-0.03941,0.0702
0.0,3157.9,10361.0,0.1753,28.0105,25.9176,2.093,3355.84,0.85085,42.5423,7.4577,0.3,26.6697,23.4315,3.2382,3534.21,0.76923,1.3408,-178.37,0.08162,-0.1247
0.075,3157.9,10361.0,0.1753,28.0152,25.921,2.0941,3356.39,0.85085,42.5423,7.4577,0.3,26.6746,23.4346,3.24,3534.86,0.76923,1.3405,-178.47,0.08162,-0.1247
0.15,3157.9,10361.0,0.1753,28.029,25.9313,2.0977,3358.05,0.85085,42.5423,7.4577,0.3,26.6894,23.4439,3.2455,3536.82,0.76923,1.3396,-178.77,0.08162,-0.1247
0.225,3157.9,10361.0,0.1753,28.052,25.9485,2.1035,3360.81,0.85085,42.5423,7.4577,0.3,26.714,23.4594,3.2546,3540.08,0.76923,1.338,-179.27,0.08162,-0.1247
0.3,3157.9,10361.0,0.1753,28.0842,25.9725,2.1117,3364.67,0.85085,42.5423,7.4577,0.3,26.7484,23.4811,3.2672,3544.64,0.76923,1.3358,-179.97,0.08162,-0.1247
0.375,3157.9,10361.0,0.1753,28.1255,26.0033,2.1222,3369.62,0.85085,42.5423,7.4577,0.3,26.7925,23.509,3.2835,3550.48,0.76923,1.3331,-180.86,0.08162,-0.1247
0.45,3157.9,10361.0,0.2703,27.1392,24.0935,3.0457,3514.27,0.78722,39.3608,10.6392,0.3,26.8462,23.5431,3.3032,3557.6,0.76923,0.293,-43.33,0.01798,-0.0297
0.525,3157.9,10361.0,0.4128,25.9118,21.7003,4.2115,3731.73,0.70781,35.3907,14.6093,0.3,26.9095,23.5832,3.3263,3565.99,0.76923,-0.9977,165.74,-0.06142,0.1128
0.6,3157.9,10361.0,0.5553,24.938,19.7507,5.1873,3953.73,0.64296,32.1481,17.8519,0.3,26.9823,23.6295,3.3528,3575.63,0.76923,-2.0442,378.1,-0.12627,0.2553
0.675,3157.9,10361.0,0.6978,24.1574,18.1331,6.0244,4180.89,0.589,29.4499,20.5501,0.3,27.0644,23.6818,3.3826,3586.51,0.76923,-2.9069,594.38,-0.18023,0.3978
0.75,3157.9,10361.0,0.8403,23.5283,16.7702,6.7581,4413.77,0.54339,27.1695,22.8305,0.3,27.1557,23.7401,3.4155,3598.61,0.76923,-3.6274,815.17,-0.22584,0.5403
0.825,3157.9,10361.0,0.9828,23.0207,15.6071,7.4136,4652.95,0.50434,25.2169,24.7831,0.3,27.256,23.8044,3.4516,3611.91,0.76923,-4.2353,1041.04,-0.26489,0.6828
0.9,3157.9,10361.0,1.1253,22.6127,14.6036,8.009,4898.95,0.47052,23.5261,26.4739,0.3,27.3654,23.8747,3.4907,3626.4,0.76923,-4.7527,1272.55,-0.29871,0.8253
0.975,3157.9,10361.0,1.0628,22.9812,15.0941,7.8872,4832.38,0.48478,24.2389,25.7611,0.3,27.4835,23.9508,3.5327,3642.05,0.76923,-4.5023,1190.33,-0.28445,0.7628
1.05,3157.9,10361.0,1.0003,23.3713,15.6189,7.7524,4765.5,0.49993,24.9963,25.0037,0.3,27.6102,24.0327,3.5775,3658.84,0.76923,-4.2389,1106.66,-0.26931,0.7003
1.125,3157.9,10361.0,0.9378,23.7835,16.1815,7.602,4698.03,0.51605,25.8025,24.1975,0.3,27.7454,24.1204,3.625,3676.76,0.76923,-3.9619,1021.27,-0.25318,0.6378
1.2,3157.9,10361.0,0.8753,24.2187,16.7855,7.4332,4629.7,0.53325,26.6624,23.3376,0.3,27.8888,24.2138,3.6751,3695.77,0.76923,-3.6701,933.93,-0.23598,0.5753
1.275,3157.9,10361.0,0.8128,24.6778,17.4353,7.2426,4560.24,0.55163,27.5816,22.4184,0.3,28.0404,24.3128,3.7277,3715.86,0.76923,-3.3626,844.38,-0.2176,0.5128
1.35,3157.9,10361.0,0.7503,25.162,18.1355,7.0265,4489.4,0.57133,28.5665,21.4335,0.3,28.2,24.4174,3.7826,3737.0,0.76923,-3.038,752.4,-0.1979,0.4503
1.425,3157.9,10361.0,0.6878,25.6727,18.8918,6.7808,4416.96,0.59249,29.6244,20.3756,0.3,28.3673,24.5274,3.8399,3759.18,0.76923,-2.6947,657.78,-0.17674,0.3878
1.5,3157.9,10361.0,0.6253,26.2115,19.7107,6.5008,4342.67,0.61527,30.7636,19.2364,0.3,28.5423,24.6429,3.8993,3782.36,0.76923,-2.3307,560.31,-0.15396,0.3253
1.575,3157.9,10361.0,0.5628,26.7806,20.5995,6.1811,4266.33,0.63988,31.9939,18.0061,0.3,28.7246,24.7637,3.9609,3806.52,0.76923,-1.9441,459.8,-0.12935,0.2628
1.65,3157.9,10361.0,0.5003,27.3822,21.5669,5.8154,4187.72,0.66653,33.3267,16.6733,0.3,28.9142,24.8898,4.0244,3831.65,0.76923,-1.532,356.07,-0.1027,0.2003
1.725,3157.9,10361.0,0.4378,28.0195,22.6231,5.3964,4106.66,0.69551,34.7754,15.2246,0.3,29.1109,25.0211,4.0898,3857.72,0.76923,-1.0915,248.95,-0.07372,0.1378
1.8,3157.9,10361.0,0.3753,28.6958,23.7801,4.9157,4022.97,0.72711,36.3557,13.6443,0.3,29.3145,25.1575,4.1571,3884.7,0.76923,-0.6187,138.27,-0.04212,0.0753
0.0,3789.5,12433.0,0.1803,27.8881,25.7611,2.127,3355.39,0.84724,42.3621,7.6379,0.3,26.6024,23.3891,3.2133,3525.29,0.76923,1.2857,-169.9,0.07801,-0.1197
0.075,3789.5,12433.0,0.1803,27.8927,25.7645,2.1282,3355.94,0.84724,42.3621,7.6379,0.3,26.6072,23.3921,3.2151,3525.93,0.76923,1.2854,-170.0,0.07801,-0.1197
0.15,3789.5,12433.0,0.1803,27.9064,25.7746,2.1318,3357.59,0.84724,42.3621,7.6379,0.3,26.6218,23.4013,3.2205,3527.87,0.76923,1.2845,-170.28,0.07801,-0.1197
0.225,3789.5,12433.0,0.1803,27.9292,25.7914,2.1378,3360.33,0.84724,42.3621,7.6379,0.3,26.6462,23.4166,3.2295,3531.09,0.76923,1.2831,-170.76,0.07801,-0.1197
0.3,3789.5,12433.0,0.1803,27.9611,25.815,2.1461,3364.17,0.84724,42.3621,7.6379,0.3,26.6801,23.4381,3.2421,3535.6,0.76923,1.281,-171.42,0.07801,-0.1197
0.375,3789.5,12433.0,0.1803,28.0021,25.8453,2.1567,3369.1,0.84724,42.3621,7.6379,0.3,26.7237,23.4656,3.2582,3541.37,0.76923,1.2783,-172.27,0.07801,-0.1197
0.45,3789.5,12433.0,0.2753,27.0204,23.9543,3.0661,3512.65,0.78413,39.2065,10.7935,0.3,26.7769,23.4991,3.2777,3548.41,0.76923,0.2435,-35.76,0.0149,-0.0247
0.525,3789.5,12433.0,0.4178,25.7978,21.583,4.2148,3728.46,0.70532,35.2659,14.7341,0.3,26.8394,23.5388,3.3007,3556.71,0.76923,-1.0416,171.75,-0.06391,0.1178
0.6,3789.5,12433.0,0.5603,24.8269,19.6499,5.1771,3948.78,0.6409,32.0451,17.9549,0.3,26.9114,23.5844,3.327,3566.24,0.76923,-2.0844,382.54,-0.12833,0.2603
0.675,3789.5,12433.0,0.7028,24.048,18.0449,6.0031,4174.21,0.58727,29.3634,20.6366,0.3,26.9925,23.636,3.3565,3576.99,0.76923,-2.9445,597.21,-0.18196,0.4028
0.75,3789.5,12433.0,0.8453,23.4196,16.6919,6.7277,4405.33,0.54192,27.0959,22.9041,0.3,27.0828,23.6936,3.3892,3588.95,0.76923,-3.6632,816.37,-0.22731,0.5453
0.825,3789.5,12433.0,0.9878,22.9122,15.5368,7.3753,4642.69,0.50307,25.1534,24.8466,0.3,27.182,23.757,3.425,3602.11,0.76923,-4.2699,1040.59,-0.26616,0.6878
0.9,3789.5,12433.0,1.1303,22.5038,14.5398,7.964,4886.83,0.46942,23.4709,26.5291,0.3,27.2901,23.8263,3.4638,3616.43,0.76923,-4.7863,1270.4,-0.29981,0.8303
0.975,3789.5,12433.0,1.0678,22.8708,15.0265,7.8442,4820.81,0.48361,24.1803,25.8197,0.3,27.4069,23.9014,3.5055,3631.9,0.76923,-4.5361,1188.91,-0.28563,0.7678
1.05,3789.5,12433.0,1.0053,23.2591,15.5473,7.7118,4754.48,0.49868,24.9339,25.0661,0.3,27.5322,23.9822,3.5499,3648.5,0.76923,-4.2731,1105.98,-0.27055,0.7053
1.125,3789.5,12433.0,0.9428,23.6695,16.1053,7.5642,4687.57,0.51472,25.7361,24.2639,0.3,27.6658,24.0688,3.5971,3666.22,0.76923,-3.9963,1021.36,-0.25451,0.6428
1.2,3789.5,12433.0,0.8803,24.1027,16.7044,7.3983,4619.81,0.53183,26.5915,23.4085,0.3,27.8077,24.1609,3.6468,3685.02,0.76923,-3.705,934.79,-0.2374,0.5803
1.275,3789.5,12433.0,0.8178,24.5597,17.3486,7.2111,4550.93,0.55012,27.5058,22.4942,0.3,27.9576,24.2586,3.699,3704.88,0.76923,-3.3979,846.05,-0.21912,0.5178
1.35,3789.5,12433.0,0.7553,25.0416,18.0427,6.9989,4480.68,0.5697,28.4852,21.5148,0.3,28.1153,24.3618,3.7535,3725.78,0.76923,-3.0738,754.9,-0.19953,0.4553
1.425,3789.5,12433.0,0.6928,25.5498,18.7923,6.7575,4408.84,0.59074,29.5369,20.4631,0.3,28.2808,24.4705,3.8103,3747.71,0.76923,-2.731,661.13,-0.17849,0.3928
1.5,3789.5,12433.0,0.6303,26.086,19.6036,6.4824,4335.17,0.61338,30.6692,19.3308,0.3,28.4538,24.5844,3.8693,3770.63,0.76923,-2.3677,564.54,-0.15585,0.3303
1.575,3789.5,12433.0,0.5678,26.6522,20.484,6.1682,4259.47,0.63784,31.8918,18.1082,0.3,28.6341,24.7037,3.9304,3794.53,0.76923,-1.9818,464.94,-0.13139,0.2678
1.65,3789.5,12433.0,0.5053,27.2509,21.442,5.8089,4181.52,0.66432,33.216,16.784,0.3,28.8216,24.8282,3.9934,3819.37,0.76923,-1.5707,362.15,-0.10491,0.2053
1.725,3789.5,12433.0,0.4428,27.8848,22.4876,5.3972,4101.14,0.6931,34.6548,15.3452,0.3,29.0161,24.9577,4.0583,3845.15,0.76923,-1.1313,255.99,-0.07613,0.1428
1.8,3789.5,12433.0,0.3803,28.5576,23.6326,4.925,4018.15,0.72448,36.224,13.776,0.3,29.2174,25.0924,4.1251,3871.83,0.76923,-0.6598,146.32,-0.04475,0.0803
0.0,4421.1,14505.0,0.1854,27.7644,25.6037,2.1608,3354.94,0.8436,42.1799,7.8201,0.3,26.5348,23.3466,3.1882,3516.33,0.76923,1.2297,-161.39,0.07437,-0.1146
0.075,4421.1,14505.0,0.1854,27.769,25.607,2.162,3355.49,0.8436,42.1799,7.8201,0.3,26.5396,23.3496,3.19,3516.97,0.76923,1.2294,-161.48,0.07437,-0.1146
0.15,4421.1,14505.0,0.1854,27.7825,25.6169,2.1656,3357.13,0.8436,42.1799,7.8201,0.3,26.554,23.3587,3.1953,3518.88,0.76923,1.2285,-161.75,0.07437,-0.1146
0.225,4421.1,14505.0,0.1854,27.8052,25.6335,2.1717,3359.86,0.8436,42.1799,7.8201,0.3,26.5781,23.3738,3.2043,3522.07,0.76923,1.2271,-162.21,0.07437,-0.1146
0.3,4421.1,14505.0,0.1854,27.8368,25.6566,2.1801,3363.68,0.8436,42.1799,7.8201,0.3,26.6116,23.3949,3.2167,3526.52,0.76923,1.2251,-162.84,0.07437,-0.1146
0.375,4421.1,14505.0,0.1854,27.8773,25.6864,2.1909,3368.58,0.8436,42.1799,7.8201,0.3,26.6547,23.422,3.2327,3532.23,0.76923,1.2226,-163.64,0.07437,-0.1146
0.45,4421.1,14505.0,0.2804,26.9003,23.8142,3.0861,3511.03,0.78101,39.0503,10.9497,0.3,26.7072,23.4552,3.2521,3539.19,0.76923,0.1931,-28.16,0.01178,-0.0196
0.525,4421.1,14505.0,0.4229,25.6827,21.465,4.2177,3725.17,0.70279,35.1395,14.8605,0.3,26.7691,23.4942,3.2749,3547.38,0.76923,-1.0864,177.79,-0.06644,0.1229
0.6,4421.1,14505.0,0.5654,24.7148,19.5484,5.1664,3943.79,0.63881,31.9407,18.0593,0.3,26.8402,23.5392,3.3009,3556.8,0.76923,-2.1254,386.98,-0.13042,0.2654
0.675,4421.1,14505.0,0.7079,23.9376,17.9561,5.9815,4167.48,0.58551,29.2757,20.7243,0.3,26.9204,23.5901,3.3303,3567.43,0.76923,-2.9828,600.05,-0.18372,0.4079
0.75,4421.1,14505.0,0.8504,23.31,16.6132,6.6969,4396.82,0.54042,27.0212,22.9788,0.3,27.0096,23.6469,3.3627,3579.26,0.76923,-3.6996,817.57,-0.22881,0.5504
0.825,4421.1,14505.0,0.9929,22.8027,15.4661,7.3366,4632.37,0.50178,25.0891,24.9109,0.3,27.1077,23.7095,3.3982,3592.26,0.76923,-4.305,1040.11,-0.26745,0.6929
0.9,4421.1,14505.0,1.1354,22.394,14.4756,7.9184,4874.63,0.4683,23.4148,26.5852,0.3,27.2146,23.7779,3.4367,3606.42,0.76923,-4.8206,1268.21,-0.30093,0.8354
0.975,4421.1,14505.0,1.0729,22.7593,14.9585,7.8008,4809.16,0.48242,24.1208,25.8792,0.3,27.33,23.8519,3.4781,3621.71,0.76923,-4.5707,1187.45,-0.28681,0.7729
1.05,4421.1,14505.0,1.0104,23.146,15.4751,7.6708,4743.39,0.49741,24.8707,25.1293,0.3,27.4538,23.9317,3.5222,3638.12,0.76923,-4.3079,1105.26,-0.27182,0.7104
1.125,4421.1,14505.0,0.9479,23.5545,16.0286,7.5259,4677.04,0.51337,25.6687,24.3313,0.3,27.586,24.017,3.5689,3655.63,0.76923,-4.0315,1021.41,-0.25586,0.6479
1.2,4421.1,14505.0,0.8854,23.9857,16.6226,7.363,4609.85,0.53039,26.5196,23.4804,0.3,27.7262,24.1079,3.6183,3674.22,0.76923,-3.7405,935.63,-0.23884,0.5854
1.275,4421.1,14505.0,0.8229,24.4405,17.2613,7.1792,4541.55,0.54858,27.4288,22.5712,0.3,27.8744,24.2043,3.67,3693.85,0.76923,-3.4339,847.7,-0.22065,0.5229
1.35,4421.1,14505.0,0.7604,24.9201,17.9493,6.9708,4471.9,0.56805,28.4026,21.5974,0.3,28.0303,24.3062,3.7242,3714.52,0.76923,-3.1102,757.38,-0.20118,0.4604
1.425,4421.1,14505.0,0.6979,25.4259,18.6921,6.7337,4400.67,0.58896,29.4481,20.5519,0.3,28.1939,24.4134,3.7805,3736.19,0.76923,-2.768,664.48,-0.18027,0.3979
1.5,4421.1,14505.0,0.6354,25.9594,19.4959,6.4635,4327.63,0.61147,30.5736,19.4264,0.3,28.3649,24.5258,3.8391,3758.85,0.76923,-2.4055,568.78,-0.15776,0.3354
1.575,4421.1,14505.0,0.5729,26.5228,20.3678,6.155,4252.57,0.63577,31.7884,18.2116,0.3,28.5432,24.6435,3.8996,3782.48,0.76923,-2.0204,470.09,-0.13346,0.2729
1.65,4421.1,14505.0,0.5104,27.1183,21.3164,5.802,4175.28,0.66208,33.1038,16.8962,0.3,28.7285,24.7663,3.9622,3807.04,0.76923,-1.6102,368.24,-0.10715,0.2104
1.725,4421.1,14505.0,0.4479,27.749,22.3513,5.3976,4095.59,0.69066,34.5328,15.4672,0.3,28.9208,24.8942,4.0266,3832.52,0.76923,-1.1719,263.06,-0.07858,0.1479
1.8,4421.1,14505.0,0.3854,28.4181,23.4843,4.9338,4013.3,0.72181,36.0907,13.9093,0.3,29.1199,25.0271,4.0928,3858.9,0.76923,-0.7018,154.39,-0.04742,0.0854
0.0,5052.6,16577.0,0.1904,27.6418,25.4496,2.1922,3354.21,0.84005,42.0027,7.9973,0.3,26.4669,23.304,3.1628,3507.33,0.76923,1.1749,-153.12,0.07082,-0.1096
0.075,5052.6,16577.0,0.1904,27.6463,25.4529,2.1934,3354.76,0.84005,42.0027,7.9973,0.3,26.4716,23.307,3.1646,3507.96,0.76923,1.1747,-153.21,0.07082,-0.1096
0.15,5052.6,16577.0,0.1904,27.6597,25.4627,2.1971,3356.39,0.84005,42.0027,7.9973,0.3,26.4859,23.316,3.1699,3509.86,0.76923,1.1738,-153.47,0.07082,-0.1096
0.225,5052.6,16577.0,0.1904,27.6821,25.4789,2.2032,3359.11,0.84005,42.0027,7.9973,0.3,26.5097,23.3308,3.1788,3513.0,0.76923,1.1725,-153.9,0.07082,-0.1096
0.3,5052.6,16577.0,0.1904,27.7135,25.5017,2.2118,3362.91,0.84005,42.0027,7.9973,0.3,26.5429,23.3517,3.1912,3517.4,0.76923,1.1706,-154.5,0.07082,-0.1096
0.375,5052.6,16577.0,0.1904,27.7537,25.5309,2.2228,3367.78,0.84005,42.0027,7.9973,0.3,26.5854,23.3784,3.207,3523.04,0.76923,1.1682,-155.26,0.07082,-0.1096
0.45,5052.6,16577.0,0.2854,26.7811,23.677,3.1041,3509.11,0.77797,38.8984,11.1016,0.3,26.6373,23.4111,3.2263,3529.92,0.76923,0.1438,-20.81,0.00874,-0.0146
0.525,5052.6,16577.0,0.4279,25.568,21.3492,4.2189,3721.57,0.70033,35.0165,14.9835,0.3,26.6985,23.4496,3.2488,3538.02,0.76923,-1.1304,183.55,-0.0689,0.1279
0.6,5052.6,16577.0,0.5704,24.6029,19.4487,5.1543,3938.47,0.63678,31.839,18.161,0.3,26.7687,23.494,3.2747,3547.33,0.76923,-2.1658,391.14,-0.13245,0.2704
0.675,5052.6,16577.0,0.7129,23.8272,17.8688,5.9584,4160.42,0.58381,29.1903,20.8097,0.3,26.848,23.5442,3.3038,3557.84,0.76923,-3.0208,602.58,-0.18543,0.4129
0.75,5052.6,16577.0,0.8554,23.2003,16.5356,6.6647,4387.96,0.53897,26.9484,23.0516,0.3,26.9362,23.6002,3.336,3569.52,0.76923,-3.7358,818.44,-0.23026,0.5554
0.825,5052.6,16577.0,0.9979,22.6931,15.3964,7.2967,4621.66,0.50053,25.0263,24.9737,0.3,27.0331,23.6619,3.3712,3582.37,0.76923,-4.3401,1039.29,-0.26871,0.6979
0.9,5052.6,16577.0,1.1404,22.2839,14.4123,7.8716,4862.03,0.4672,23.3601,26.6399,0.3,27.1387,23.7293,3.4094,3596.36,0.76923,-4.8548,1265.67,-0.30203,0.8404
0.975,5052.6,16577.0,1.0779,22.6477,14.8915,7.7562,4797.11,0.48126,24.0628,25.9372,0.3,27.2528,23.8024,3.4504,3611.48,0.76923,-4.6051,1185.63,-0.28798,0.7779
1.05,5052.6,16577.0,1.0154,23.0326,15.404,7.6286,4731.9,0.49618,24.809,25.191,0.3,27.3752,23.881,3.4942,3627.7,0.76923,-4.3426,1104.2,-0.27305,0.7154
1.125,5052.6,16577.0,0.9529,23.4393,15.9531,7.4862,4666.12,0.51206,25.6029,24.3971,0.3,27.5058,23.9652,3.5406,3645.01,0.76923,-4.0665,1021.11,-0.25717,0.6529
1.2,5052.6,16577.0,0.8904,23.8685,16.5422,7.3264,4599.5,0.52899,26.4494,23.5506,0.3,27.6444,24.0549,3.5895,3663.37,0.76923,-3.7758,936.13,-0.24024,0.5904
1.275,5052.6,16577.0,0.8279,24.3212,17.1754,7.1458,4531.78,0.54708,27.3538,22.6462,0.3,27.7908,24.1499,3.6409,3682.78,0.76923,-3.4696,849.01,-0.22215,0.5279
1.35,5052.6,16577.0,0.7654,24.7986,17.8574,6.9412,4462.73,0.56644,28.3222,21.6778,0.3,27.945,24.2504,3.6946,3703.21,0.76923,-3.1464,759.53,-0.20279,0.4654
1.425,5052.6,16577.0,0.7029,25.3019,18.5935,6.7084,4392.11,0.58723,29.3617,20.6383,0.3,28.1066,24.3561,3.7505,3724.63,0.76923,-2.8047,667.48,-0.182,0.4029
1.5,5052.6,16577.0,0.6404,25.8329,19.3899,6.443,4319.69,0.60961,30.4804,19.5196,0.3,28.2756,24.4671,3.8086,3747.03,0.76923,-2.4428,572.67,-0.15962,0.3404
1.575,5052.6,16577.0,0.5779,26.3934,20.2536,6.1398,4245.28,0.63375,31.6877,18.3123,0.3,28.4518,24.5832,3.8687,3770.38,0.76923,-2.0584,474.9,-0.13548,0.2779
1.65,5052.6,16577.0,0.5154,26.9859,21.1929,5.7931,4168.65,0.65989,32.9946,17.0054,0.3,28.6351,24.7043,3.9307,3794.66,0.76923,-1.6491,374.0,-0.10934,0.2154
1.725,5052.6,16577.0,0.4529,27.6133,22.2174,5.3959,4089.64,0.68828,34.4139,15.5861,0.3,28.8251,24.8305,3.9946,3819.85,0.76923,-1.2118,269.8,-0.08095,0.1529
1.8,5052.6,16577.0,0.3904,28.2789,23.3387,4.9402,4008.06,0.71922,35.9609,14.0391,0.3,29.0219,24.9616,4.0603,3845.92,0.76923,-0.743,162.14,-0.05001,0.0904
0.0,5684.2,18649.0,0.1955,27.5179,25.2947,2.2232,3353.48,0.83647,41.8235,8.1765,0.3,26.3987,23.2614,3.1373,3498.3,0.76923,1.1192,-144.82,0.06724,-0.1045
0.075,5684.2,18649.0,0.1955,27.5223,25.2979,2.2244,3354.02,0.83647,41.8235,8.1765,0.3,26.4034,23.2643,3.1391,3498.92,0.76923,1.1189,-144.9,0.06724,-0.1045
0.15,5684.2,18649.0,0.1955,27.5357,25.3075,2.2282,3355.65,0.83647,41.8235,8.1765,0.3,26.4175,23.2732,3.1444,3500.79,0.76923,1.1182,-145.14,0.06724,-0.1045
0.225,5684.2,18649.0,0.1955,27.5579,25.3234,2.2344,3358.35,0.83647,41.8235,8.1765,0.3,26.441,23.2878,3.1532,3503.9,0.76923,1.1169,-145.55,0.06724,-0.1045
0.3,5684.2,18649.0,0.1955,27.5889,25.3458,2.2431,3362.13,0.83647,41.8235,8.1765,0.3,26.4738,23.3084,3.1654,3508.25,0.76923,1.1151,-146.12,0.06724,-0.1045
0.375,5684.2,18649.0,0.1955,27.6287,25.3744,2.2542,3366.98,0.83647,41.8235,8.1765,0.3,26.5159,23.3347,3.1811,3513.82,0.76923,1.1128,-146.84,0.06724,-0.1045
0.45,5684.2,18649.0,0.2905,26.6606,23.5389,3.1217,3507.19,0.77489,38.7447,11.2553,0.3,26.5671,23.3669,3.2002,3520.62,0.76923,0.0935,-13.43,0.00566,-0.0095
0.525,5684.2,18649.0,0.433,25.4523,21.2326,4.2196,3717.95,0.69784,34.8918,15.1082,0.3,26.6275,23.4049,3.2226,3528.62,0.76923,-1.1753,189.33,-0.07139,0.133
0.6,5684.2,18649.0,0.5755,24.49,19.3483,5.1417,3933.12,0.63472,31.736,18.264,0.3,26.6969,23.4487,3.2483,3537.82,0.76923,-2.207,395.3,-0.13451,0.2755
0.675,5684.2,18649.0,0.718,23.7159,17.7809,5.935,4153.3,0.58207,29.1036,20.8964,0.3,26.7753,23.4981,3.2771,3548.2,0.76923,-3.0594,605.1,-0.18716,0.418
0.75,5684.2,18649.0,0.8605,23.0897,16.4576,6.6321,4379.04,0.53749,26.8745,23.1255,0.3,26.8624,23.5533,3.3091,3559.75,0.76923,-3.7727,819.29,-0.23174,0.5605
0.825,5684.2,18649.0,1.003,22.5825,15.3262,7.2563,4610.88,0.49925,24.9626,25.0374,0.3,26.9582,23.6142,3.344,3572.44,0.76923,-4.3757,1038.43,-0.26998,0.703
0.9,5684.2,18649.0,1.1455,22.1729,14.3486,7.8244,4849.34,0.46609,23.3046,26.6954,0.3,27.0625,23.6806,3.3819,3586.27,0.76923,-4.8896,1263.07,-0.30314,0.8455
0.975,5684.2,18649.0,1.083,22.5351,14.824,7.7111,4784.98,0.48008,24.0038,25.9962,0.3,27.1752,23.7527,3.4226,3601.21,0.76923,-4.6401,1183.77,-0.28915,0.783
1.05,5684.2,18649.0,1.0205,22.9183,15.3325,7.5858,4720.33,0.49493,24.7463,25.2537,0.3,27.2962,23.8302,3.466,3617.23,0.76923,-4.3779,1103.1,-0.2743,0.7205
1.125,5684.2,18649.0,0.958,23.3231,15.877,7.4461,4655.11,0.51073,25.5363,24.4637,0.3,27.4252,23.9132,3.512,3634.33,0.76923,-4.1021,1020.78,-0.25851,0.658
1.2,5684.2,18649.0,0.8955,23.7504,16.4612,7.2892,4589.07,0.52757,26.3783,23.6217,0.3,27.5622,24.0016,3.5605,3652.48,0.76923,-3.8118,936.59,-0.24167,0.5955
1.275,5684.2,18649.0,0.833,24.2009,17.0889,7.112,4521.95,0.54555,27.2777,22.7223,0.3,27.7069,24.0954,3.6115,3671.66,0.76923,-3.506,850.29,-0.22368,0.533
1.35,5684.2,18649.0,0.7705,24.676,17.7649,6.911,4453.5,0.56481,28.2406,21.7594,0.3,27.8592,24.1945,3.6647,3691.84,0.76923,-3.1833,761.65,-0.20442,0.4705
1.425,5684.2,18649.0,0.708,25.1768,18.4944,6.6825,4383.49,0.58548,29.274,20.726,0.3,28.019,24.2987,3.7202,3713.01,0.76923,-2.8421,670.47,-0.18375,0.408
1.5,5684.2,18649.0,0.6455,25.7051,19.2833,6.4219,4311.7,0.60772,30.3859,19.6141,0.3,28.186,24.4082,3.7778,3735.15,0.76923,-2.4808,576.56,-0.16151,0.3455
1.575,5684.2,18649.0,0.583,26.2629,20.1387,6.1242,4237.93,0.63171,31.5856,18.4144,0.3,28.3601,24.5227,3.8374,3758.22,0.76923,-2.0972,479.71,-0.13752,0.283
1.65,5684.2,18649.0,0.5205,26.8524,21.0686,5.7837,4161.98,0.65768,32.8839,17.1161,0.3,28.5412,24.6422,3.899,3782.22,0.76923,-1.6888,379.76,-0.11155,0.2205
1.725,5684.2,18649.0,0.458,27.4764,22.0828,5.3937,4083.66,0.68587,34.2936,15.7064,0.3,28.729,24.7667,3.9624,3807.11,0.76923,-1.2526,276.54,-0.08336,0.158
1.8,5684.2,18649.0,0.3955,28.1385,23.1923,4.9462,4002.78,0.71659,35.8295,14.1705,0.3,28.9235,24.896,4.0275,3832.88,0.76923,-0.785,169.9,-0.05264,0.0955
0.0,6315.8,20721.0,0.2005,27.395,25.1431,2.2519,3352.47,0.83299,41.6493,8.3507,0.3,26.3303,23.2187,3.1116,3489.23,0.76923,1.0648,-136.76,0.06376,-0.0995
0.075,6315.8,20721.0,0.2005,27.3994,25.1462,2.2532,3353.01,0.83299,41.6493,8.3507,0.3,26.3349,23.2216,3.1133,3489.84,0.76923,1.0645,-136.84,0.06376,-0.0995
0.15,6315.8,20721.0,0.2005,27.4126,25.1556,2.257,3354.62,0.83299,41.6493,8.3507,0.3,26.3488,23.2303,3.1186,3491.69,0.76923,1.0638,-137.07,0.06376,-0.0995
0.225,6315.8,20721.0,0.2005,27.4346,25.1713,2.2633,3357.31,0.83299,41.6493,8.3507,0.3,26.372,23.2447,3.1273,3494.76,0.76923,1.0626,-137.45,0.06376,-0.0995
0.3,6315.8,20721.0,0.2005,27.4653,25.1932,2.2721,3361.07,0.83299,41.6493,8.3507,0.3,26.4044,23.265,3.1394,3499.06,0.76923,1.0609,-137.98,0.06376,-0.0995
0.375,6315.8,20721.0,0.2005,27.5047,25.2214,2.2834,3365.89,0.83299,41.6493,8.3507,0.3,26.446,23.291,3.155,3504.56,0.76923,1.0588,-138.67,0.06376,-0.0995
0.45,6315.8,20721.0,0.2955,26.5409,23.4037,3.1372,3504.97,0.7719,38.5951,11.4049,0.3,26.4966,23.3227,3.174,3511.28,0.76923,0.0443,-6.31,0.00267,-0.0045
0.525,6315.8,20721.0,0.438,25.3369,21.1183,4.2186,3714.02,0.69541,34.7705,15.2295,0.3,26.5563,23.3601,3.1962,3519.18,0.76923,-1.2194,194.83,-0.07382,0.138
0.6,6315.8,20721.0,0.5805,24.3772,19.2497,5.1275,3927.44,0.63271,31.6356,18.3644,0.3,26.6249,23.4032,3.2216,3528.27,0.76923,-2.2476,399.17,-0.13652,0.2805
0.675,6315.8,20721.0,0.723,23.6045,17.6945,5.9101,4145.83,0.58038,29.0192,20.9808,0.3,26.7023,23.452,3.2502,3538.53,0.76923,-3.0977,607.31,-0.18885,0.423
0.75,6315.8,20721.0,0.8655,22.9789,16.3808,6.5982,4369.74,0.53605,26.8025,23.1975,0.3,26.7883,23.5064,3.2819,3549.93,0.76923,-3.8094,819.81,-0.23318,0.5655
0.825,6315.8,20721.0,1.008,22.4717,15.2571,7.2146,4599.71,0.49801,24.9004,25.0996,0.3,26.883,23.5664,3.3166,3562.47,0.76923,-4.4113,1037.24,-0.27122,0.708
0.9,6315.8,20721.0,1.1505,22.0616,14.2857,7.7759,4836.24,0.46501,23.2504,26.7496,0.3,26.986,23.6319,3.3541,3576.13,0.76923,-4.9244,1260.11,-0.30422,0.8505
0.975,6315.8,20721.0,1.088,22.4223,14.7575,7.6647,4772.44,0.47893,23.9464,26.0536,0.3,27.0974,23.7029,3.3945,3590.89,0.76923,-4.6751,1181.56,-0.2903,0.788
1.05,6315.8,20721.0,1.0255,22.8037,15.262,7.5418,4708.36,0.49371,24.6853,25.3147,0.3,27.2169,23.7793,3.4375,3606.72,0.76923,-4.4131,1101.64,-0.27553,0.7255
1.125,6315.8,20721.0,0.963,23.2067,15.8021,7.4046,4643.71,0.50942,25.4712,24.5288,0.3,27.3443,23.8612,3.4832,3623.61,0.76923,-4.1376,1020.1,-0.25981,0.663
1.2,6315.8,20721.0,0.9005,23.632,16.3814,7.2506,4578.25,0.52618,26.3089,23.6911,0.3,27.4796,23.9483,3.5313,3641.54,0.76923,-3.8476,936.71,-0.24305,0.6005
1.275,6315.8,20721.0,0.838,24.0805,17.0038,7.0767,4511.71,0.54407,27.2035,22.7965,0.3,27.6226,24.0408,3.5819,3660.49,0.76923,-3.5422,851.22,-0.22516,0.538
1.35,6315.8,20721.0,0.7755,24.5532,17.6739,6.8794,4443.86,0.56322,28.1611,21.8389,0.3,27.7731,24.1384,3.6347,3680.43,0.76923,-3.2199,763.43,-0.20601,0.4755
1.425,6315.8,20721.0,0.713,25.0517,18.3967,6.655,4374.47,0.58377,29.1886,20.8114,0.3,27.9309,24.2412,3.6897,3701.35,0.76923,-2.8792,673.12,-0.18546,0.413
1.5,6315.8,20721.0,0.6505,25.5774,19.1784,6.3991,4303.32,0.60588,30.2939,19.7061,0.3,28.096,24.3491,3.7468,3723.21,0.76923,-2.5185,580.1,-0.16335,0.3505
1.575,6315.8,20721.0,0.588,26.1324,20.0256,6.1068,4230.2,0.62972,31.4861,18.5139,0.3,28.268,24.462,3.806,3746.01,0.76923,-2.1356,484.18,-0.13951,0.288
1.65,6315.8,20721.0,0.5255,26.7189,20.9465,5.7724,4154.91,0.65552,32.7761,17.2239,0.3,28.4469,24.5799,3.867,3769.72,0.76923,-1.728,385.19,-0.11371,0.2255
1.725,6315.8,20721.0,0.463,27.3398,21.9504,5.3893,4077.27,0.68353,34.1763,15.8237,0.3,28.6325,24.7027,3.9299,3794.32,0.76923,-1.2928,282.95,-0.0857,0.163
1.8,6315.8,20721.0,0.4005,27.9983,23.0484,4.9499,3997.11,0.71403,35.7015,14.2985,0.3,28.8247,24.8302,3.9945,3819.78,0.76923,-0.8263,177.33,-0.0552,0.1005
0.0,6947.4,22793.0,0.2056,27.2709,24.9906,2.2803,3351.45,0.82946,41.4731,8.5269,0.3,26.2615,23.1759,3.0856,3480.12,0.76923,1.0093,-128.67,0.06023,-0.0944
0.075,6947.4,22793.0,0.2056,27.2752,24.9937,2.2815,3351.99,0.82946,41.4731,8.5269,0.3,26.2661,23.1788,3.0873,3480.73,0.76923,1.0091,-128.74,0.06023,-0.0944
0.15,6947.4,22793.0,0.2056,27.2883,25.0029,2.2854,3353.59,0.82946,41.4731,8.5269,0.3,26.2799,23.1873,3.0925,3482.55,0.76923,1.0084,-128.96,0.06023,-0.0944
0.225,6947.4,22793.0,0.2056,27.31,25.0183,2.2918,3356.27,0.82946,41.4731,8.5269,0.3,26.3028,23.2016,3.1012,3485.58,0.76923,1.0073,-129.32,0.06023,-0.0944
0.3,6947.4,22793.0,0.2056,27.3404,25.0398,2.3007,3360.0,0.82946,41.4731,8.5269,0.3,26.3347,23.2215,3.1133,3489.82,0.76923,1.0057,-129.82,0.06023,-0.0944
0.375,6947.4,22793.0,0.2056,27.3795,25.0674,2.3121,3364.8,0.82946,41.4731,8.5269,0.3,26.3758,23.2471,3.1287,3495.26,0.76923,1.0037,-130.46,0.06023,-0.0944
0.45,6947.4,22793.0,0.3006,26.4199,23.2676,3.1523,3502.73,0.76888,38.4438,11.5562,0.3,26.4258,23.2783,3.1475,3501.89,0.76923,-0.0059,0.83,-0.00035,0.0006
0.525,6947.4,22793.0,0.4431,25.2204,21.0033,4.2172,3710.05,0.69295,34.6476,15.3524,0.3,26.4848,23.3152,3.1695,3509.7,0.76923,-1.2643,200.35,-0.07628,0.1431
0.6,6947.4,22793.0,0.5856,24.2634,19.1505,5.1129,3921.72,0.63068,31.5338,18.4662,0.3,26.5525,23.3577,3.1948,3518.68,0.76923,-2.2891,403.04,-0.13855,0.2856
0.675,6947.4,22793.0,0.7281,23.4922,17.6075,5.8847,4138.31,0.57867,28.9335,21.0665,0.3,26.6289,23.4058,3.2231,3528.81,0.76923,-3.1367,609.5,-0.19056,0.4281
0.75,6947.4,22793.0,0.8706,22.8672,16.3034,6.5637,4360.38,0.53459,26.7294,23.2706,0.3,26.7139,23.4594,3.2546,3540.07,0.76923,-3.8468,820.31,-0.23464,0.5706
0.825,6947.4,22793.0,1.0131,22.3599,15.1875,7.1724,4588.45,0.49675,24.8373,25.1627,0.3,26.8074,23.5185,3.2889,3552.46,0.76923,-4.4475,1036.0,-0.27248,0.7131
0.9,6947.4,22793.0,1.1556,21.9494,14.2225,7.7269,4823.04,0.46391,23.1954,26.8046,0.3,26.9092,23.583,3.3262,3565.95,0.76923,-4.9598,1257.1,-0.30532,0.8556
0.975,6947.4,22793.0,1.0931,22.3084,14.6906,7.6178,4759.81,0.47776,23.888,26.112,0.3,27.0192,23.653,3.3662,3580.52,0.76923,-4.7108,1179.28,-0.29147,0.7931
1.05,6947.4,22793.0,1.0306,22.6882,15.191,7.4972,4696.29,0.49247,24.6233,25.3767,0.3,27.1372,23.7283,3.4089,3596.16,0.76923,-4.449,1100.13,-0.27677,0.7306
1.125,6947.4,22793.0,0.9681,23.0893,15.7267,7.3626,4632.22,0.5081,25.4052,24.5948,0.3,27.2631,23.809,3.4541,3612.85,0.76923,-4.1738,1019.37,-0.26113,0.6681
1.2,6947.4,22793.0,0.9056,23.5126,16.3011,7.2115,4567.34,0.52477,26.2385,23.7615,0.3,27.3967,23.8949,3.5019,3630.56,0.76923,-3.8842,936.78,-0.24446,0.6056
1.275,6947.4,22793.0,0.8431,23.9589,16.9181,7.0408,4501.39,0.54256,27.1282,22.8718,0.3,27.538,23.986,3.552,3649.27,0.76923,-3.579,852.12,-0.22667,0.5431
1.35,6947.4,22793.0,0.7806,24.4294,17.5822,6.8472,4434.15,0.56161,28.0804,21.9196,0.3,27.6866,24.0822,3.6044,3668.97,0.76923,-3.2572,765.18,-0.20762,0.4806
1.425,6947.4,22793.0,0.7181,24.9254,18.2985,6.6269,4365.38,0.58204,29.1019,20.8981,0.3,27.8425,24.1836,3.6589,3689.63,0.76923,-2.9171,675.75,-0.18719,0.4181
1.5,6947.4,22793.0,0.6556,25.4485,19.0728,6.3757,4294.86,0.60401,30.2005,19.7995,0.3,28.0055,24.2899,3.7156,3711.23,0.76923,-2.557,583.63,-0.16522,0.3556
1.575,6947.4,22793.0,0.5931,26.0007,19.9119,6.0888,4222.4,0.62771,31.3853,18.6147,0.3,28.1755,24.4013,3.7742,3733.75,0.76923,-2.1748,488.65,-0.14152,0.2931
1.65,6947.4,22793.0,0.5306,26.5842,20.8237,5.7605,4147.79,0.65334,32.6669,17.3331,0.3,28.3522,24.5175,3.8347,3757.17,0.76923,-1.768,390.61,-0.11589,0.2306
1.725,6947.4,22793.0,0.4681,27.2018,21.8173,5.3845,4070.84,0.68115,34.0576,15.9424,0.3,28.5356,24.6385,3.8971,3781.47,0.76923,-1.3337,289.37,-0.08808,0.1681
1.8,6947.4,22793.0,0.4056,27.8569,22.9038,4.9531,3991.4,0.71144,35.572,14.428,0.3,28.7254,24.7643,3.9611,3806.63,0.76923,-0.8685,184.77,-0.05779,0.1056
0.0,7578.9,24865.0,0.2106,27.1477,24.8414,2.3063,3350.15,0.82604,41.3018,8.6982,0.3,26.1925,23.133,3.0594,3470.97,0.76923,0.9552,-120.82,0.05681,-0.0894
0.075,7578.9,24865.0,0.2106,27.152,24.8444,2.3076,3350.68,0.82604,41.3018,8.6982,0.3,26.197,23.1358,3.0612,3471.57,0.76923,0.955,-120.89,0.05681,-0.0894
0.15,7578.9,24865.0,0.2106,27.1649,24.8534,2.3115,3352.28,0.82604,41.3018,8.6982,0.3,26.2106,23.1443,3.0663,3473.37,0.76923,0.9544,-121.09,0.05681,-0.0894
0.225,7578.9,24865.0,0.2106,27.1865,24.8685,2.318,3354.94,0.82604,41.3018,8.6982,0.3,26.2332,23.1583,3.0749,3476.36,0.76923,0.9533,-121.43,0.05681,-0.0894
0.3,7578.9,24865.0,0.2106,27.2166,24.8896,2.327,3358.65,0.82604,41.3018,8.6982,0.3,26.2648,23.1779,3.0868,3480.55,0.76923,0.9518,-121.9,0.05681,-0.0894
0.375,7578.9,24865.0,0.2106,27.2552,24.9167,2.3385,3363.42,0.82604,41.3018,8.6982,0.3,26.3053,23.2032,3.1022,3485.92,0.76923,0.9499,-122.51,0.05681,-0.0894
0.45,7578.9,24865.0,0.3056,26.2997,23.1343,3.1654,3500.19,0.76593,38.2966,11.7034,0.3,26.3547,23.2339,3.1208,3492.47,0.76923,-0.055,7.72,-0.0033,0.0056
0.525,7578.9,24865.0,0.4481,25.1043,20.8904,4.214,3705.77,0.69056,34.528,15.472,0.3,26.4129,23.2703,3.1426,3500.18,0.76923,-1.3086,205.59,-0.07867,0.1481
0.6,7578.9,24865.0,0.5906,24.1498,19.053,5.0967,3915.66,0.62869,31.4347,18.5653,0.3,26.4798,23.3121,3.1677,3509.04,0.76923,-2.33,406.62,-0.14054,0.2906
0.675,7578.9,24865.0,0.7331,23.3798,17.522,5.8579,4130.44,0.577,28.85,21.15,0.3,26.5553,23.3595,3.1958,3519.04,0.76923,-3.1754,611.39,-0.19223,0.4331
0.75,7578.9,24865.0,0.8756,22.7553,16.2273,6.528,4350.64,0.53316,26.6581,23.3419,0.3,26.6392,23.4123,3.2269,3530.17,0.76923,-3.8839,820.47,-0.23607,0.5756
0.825,7578.9,24865.0,1.0181,22.2479,15.119,7.1289,4576.81,0.49552,24.7758,25.2242,0.3,26.7315,23.4705,3.261,3542.4,0.76923,-4.4836,1034.41,-0.27372,0.7181
0.9,7578.9,24865.0,1.1606,21.8368,14.1601,7.6767,4809.44,0.46283,23.1417,26.8583,0.3,26.832,23.5341,3.298,3555.72,0.76923,-4.9952,1253.71,-0.3064,0.8606
0.975,7578.9,24865.0,1.0981,22.1942,14.6246,7.5696,4746.76,0.47662,23.8311,26.1689,0.3,26.9406,23.603,3.3376,3570.11,0.76923,-4.7464,1176.65,-0.29261,0.7981
1.05,7578.9,24865.0,1.0356,22.5723,15.121,7.4513,4683.82,0.49126,24.5628,25.4372,0.3,27.0572,23.6772,3.3799,3585.56,0.76923,-4.4848,1098.26,-0.27798,0.7356
1.125,7578.9,24865.0,0.9731,22.9716,15.6524,7.3193,4620.32,0.50682,25.3408,24.6592,0.3,27.1815,23.7567,3.4248,3602.03,0.76923,-4.2098,1018.29,-0.26241,0.6731
1.2,7578.9,24865.0,0.9106,23.393,16.222,7.171,4556.02,0.5234,26.1698,23.8302,0.3,27.3135,23.8413,3.4722,3619.52,0.76923,-3.9205,936.5,-0.24583,0.6106
1.275,7578.9,24865.0,0.8481,23.8372,16.8337,7.0035,4490.68,0.5411,27.0548,22.9452,0.3,27.4529,23.9311,3.5218,3638.0,0.76923,-3.6157,852.67,-0.22813,0.5481
1.35,7578.9,24865.0,0.7856,24.3055,17.492,6.8135,4424.04,0.56004,28.0018,21.9982,0.3,27.5997,24.0259,3.5738,3657.45,0.76923,-3.2943,766.58,-0.20919,0.4856
1.425,7578.9,24865.0,0.7231,24.7991,18.2018,6.5973,4355.89,0.58035,29.0175,20.9825,0.3,27.7537,24.1258,3.6279,3677.86,0.76923,-2.9546,678.03,-0.18888,0.4231
1.5,7578.9,24865.0,0.6606,25.3196,18.9689,6.3507,4286.01,0.60219,30.1096,19.8904,0.3,27.9147,24.2306,3.684,3699.19,0.76923,-2.595,586.82,-0.16704,0.3606
1.575,7578.9,24865.0,0.5981,25.869,19.8,6.069,4214.2,0.62574,31.2872,18.7128,0.3,28.0825,24.3403,3.7422,3721.43,0.76923,-2.2135,492.77,-0.14349,0.2981
1.65,7578.9,24865.0,0.5356,26.4496,20.7029,5.7467,4140.26,0.65121,32.5606,17.4394,0.3,28.2571,24.4549,3.8022,3744.56,0.76923,-1.8075,395.7,-0.11802,0.2356
1.725,7578.9,24865.0,0.4731,27.064,21.6865,5.3775,4064.02,0.67884,33.942,16.058,0.3,28.4381,24.5741,3.864,3768.56,0.76923,-1.3741,295.45,-0.09039,0.1731
1.8,7578.9,24865.0,0.4106,27.7156,22.7616,4.954,3985.29,0.70892,35.4459,14.5541,0.3,28.6256,24.6981,3.9275,3793.41,0.76923,-0.91,191.88,-0.06031,0.1106
0.0,8210.5,26937.0,0.2157,27.0232,24.6912,2.332,3348.84,0.82257,41.1286,8.8714,0.3,26.1231,23.0901,3.033,3461.78,0.76923,0.9001,-112.94,0.05334,-0.0843
0.075,8210.5,26937.0,0.2157,27.0275,24.6942,2.3333,3349.37,0.82257,41.1286,8.8714,0.3,26.1276,23.0928,3.0347,3462.37,0.76923,0.8999,-113.01,0.05334,-0.0843
0.15,8210.5,26937.0,0.2157,27.0403,24.703,2.3372,3350.95,0.82257,41.1286,8.8714,0.3,26.141,23.1011,3.0399,3464.15,0.76923,0.8993,-113.2,0.05334,-0.0843
0.225,8210.5,26937.0,0.2157,27.0616,24.7178,2.3437,3353.59,0.82257,41.1286,8.8714,0.3,26.1633,23.115,3.0483,3467.11,0.76923,0.8983,-113.51,0.05334,-0.0843
0.3,8210.5,26937.0,0.2157,27.0914,24.7385,2.3529,3357.28,0.82257,41.1286,8.8714,0.3,26.1945,23.1343,3.0602,3471.24,0.76923,0.8969,-113.95,0.05334,-0.0843
0.375,8210.5,26937.0,0.2157,27.1296,24.765,2.3645,3362.02,0.82257,41.1286,8.8714,0.3,26.2345,23.1591,3.0754,3476.54,0.76923,0.8951,-114.52,0.05334,-0.0843
0.45,8210.5,26937.0,0.3107,26.1782,23.0001,3.178,3497.63,0.76295,38.1476,11.8524,0.3,26.2833,23.1894,3.0938,3483.0,0.76923,-0.1051,14.62,-0.00628,0.0107
0.525,8210.5,26937.0,0.4532,24.9871,20.7768,4.2103,3701.45,0.68814,34.4068,15.5932,0.3,26.3407,23.2252,3.1155,3490.62,0.76923,-1.3536,210.83,-0.08109,0.1532
0.6,8210.5,26937.0,0.5957,24.035,18.9549,5.0801,3909.55,0.62668,31.3342,18.6658,0.3,26.4068,23.2664,3.1403,3499.37,0.76923,-2.3717,410.18,-0.14255,0.2957
0.675,8210.5,26937.0,0.7382,23.2664,17.4358,5.8306,4122.49,0.57531,28.7654,21.2346,0.3,26.4813,23.313,3.1682,3509.24,0.76923,-3.2149,613.25,-0.19392,0.4382
0.75,8210.5,26937.0,0.8807,22.6424,16.1507,6.4917,4340.82,0.53172,26.5858,23.4142,0.3,26.5641,23.365,3.1991,3520.22,0.76923,-3.9218,820.6,-0.23751,0.5807
0.825,8210.5,26937.0,1.0232,22.1349,15.05,7.0849,4565.06,0.49427,24.7133,25.2867,0.3,26.6553,23.4224,3.2329,3532.3,0.76923,-4.5204,1032.77,-0.27496,0.7232
0.9,8210.5,26937.0,1.1657,21.7232,14.0973,7.6259,4795.71,0.46174,23.0872,26.9128,0.3,26.7545,23.485,3.2695,3545.45,0.76923,-5.0313,1250.26,-0.30749,0.8657
0.975,8210.5,26937.0,1.1032,22.0791,14.5582,7.5209,4733.61,0.47547,23.7733,26.2267,0.3,26.8617,23.5529,3.3088,3559.66,0.76923,-4.7826,1173.95,-0.29376,0.8032
1.05,8210.5,26937.0,1.0407,22.4554,15.0506,7.4048,4671.23,0.49003,24.5014,25.4986,0.3,26.9768,23.626,3.3508,3574.9,0.76923,-4.5213,1096.33,-0.2792,0.7407
1.125,8210.5,26937.0,0.9782,22.8529,15.5776,7.2754,4608.32,0.50551,25.2755,24.7245,0.3,27.0995,23.7042,3.3953,3591.17,0.76923,-4.2466,1017.15,-0.26372,0.6782
1.2,8210.5,26937.0,0.9157,23.2722,16.1424,7.1299,4544.61,0.522,26.1001,23.8999,0.3,27.2298,23.7876,3.4422,3608.44,0.76923,-3.9576,936.18,-0.24723,0.6157
1.275,8210.5,26937.0,0.8532,23.7144,16.7488,6.9656,4479.86,0.53961,26.9804,23.0196,0.3,27.3675,23.8761,3.4914,3626.68,0.76923,-3.6531,853.18,-0.22962,0.5532
1.35,8210.5,26937.0,0.7907,24.1804,17.4012,6.7791,4413.84,0.55844,27.922,22.078,0.3,27.5124,23.9695,3.5429,3645.89,0.76923,-3.3321,767.95,-0.21079,0.4907
1.425,8210.5,26937.0,0.7282,24.6715,18.1045,6.567,4346.32,0.57864,28.9318,21.0682,0.3,27.6645,24.0679,3.5966,3666.03,0.76923,-2.9929,680.28,-0.19059,0.4282
1.5,8210.5,26937.0,0.6657,25.1895,18.8644,6.3251,4277.08,0.60035,30.0174,19.9826,0.3,27.8234,24.1711,3.6523,3687.1,0.76923,-2.6339,589.98,-0.16888,0.3657
1.575,8210.5,26937.0,0.6032,25.7361,19.6875,6.0486,4205.93,0.62375,31.1876,18.8124,0.3,27.9891,24.2792,3.7099,3709.06,0.76923,-2.253,496.87,-0.14548,0.3032
1.65,8210.5,26937.0,0.5407,26.3137,20.5814,5.7323,4132.67,0.64906,32.4528,17.5472,0.3,28.1615,24.3921,3.7694,3731.9,0.76923,-1.8478,400.77,-0.12018,0.2407
1.725,8210.5,26937.0,0.4782,26.9249,21.5549,5.37,4057.13,0.6765,33.8249,16.1751,0.3,28.3403,24.5096,3.8307,3755.59,0.76923,-1.4154,301.53,-0.09273,0.1782
1.8,8210.5,26937.0,0.4157,27.5731,22.6187,4.9544,3979.12,0.70636,35.3182,14.6818,0.3,28.5254,24.6318,3.8936,3780.13,0.76923,-0.9524,199.0,-0.06287,0.1157
0.0,8842.1,29010.0,0.2207,26.8996,24.5443,2.3554,3347.24,0.8192,40.9601,9.0399,0.3,26.0535,23.0471,3.0064,3452.55,0.76923,0.8462,-105.31,0.04997,-0.0793
0.075,8842.1,29010.0,0.2207,26.9039,24.5472,2.3567,3347.76,0.8192,40.9601,9.0399,0.3,26.0579,23.0498,3.0081,3453.13,0.76923,0.846,-105.37,0.04997,-0.0793
0.15,8842.1,29010.0,0.2207,26.9165,24.5558,2.3607,3349.34,0.8192,40.9601,9.0399,0.3,26.0711,23.0579,3.0132,3454.89,0.76923,0.8454,-105.55,0.04997,-0.0793
0.225,8842.1,29010.0,0.2207,26.9376,24.5703,2.3673,3351.96,0.8192,40.9601,9.0399,0.3,26.0931,23.0715,3.0216,3457.8,0.76923,0.8445,-105.84,0.04997,-0.0793
0.3,8842.1,29010.0,0.2207,26.9671,24.5906,2.3765,3355.63,0.8192,40.9601,9.0399,0.3,26.1239,23.0906,3.0333,3461.88,0.76923,0.8432,-106.25,0.04997,-0.0793
0.375,8842.1,29010.0,0.2207,27.0049,24.6166,2.3883,3360.34,0.8192,40.9601,9.0399,0.3,26.1634,23.115,3.0484,3467.12,0.76923,0.8415,-106.78,0.04997,-0.0793
0.45,8842.1,29010.0,0.3157,26.0573,22.8687,3.1887,3494.76,0.76005,38.0026,11.9974,0.3,26.2115,23.1449,3.0667,3473.5,0.76923,-0.1542,21.27,-0.00918,0.0157
0.525,8842.1,29010.0,0.4582,24.8702,20.6653,4.2049,3696.81,0.68578,34.2888,15.7112,0.3,26.2682,23.1801,3.0882,3481.01,0.76923,-1.398,215.8,-0.08345,0.1582
0.6,8842.1,29010.0,0.6007,23.9204,18.8585,5.0619,3903.1,0.62473,31.2363,18.7637,0.3,26.3334,23.2206,3.1127,3489.64,0.76923,-2.413,413.46,-0.1445,0.3007
0.675,8842.1,29010.0,0.7432,23.153,17.3511,5.8018,4114.19,0.57366,28.6829,21.3171,0.3,26.4069,23.2665,3.1404,3499.39,0.76923,-3.254,614.8,-0.19557,0.4432
0.75,8842.1,29010.0,0.8857,22.5293,16.0752,6.4541,4330.63,0.53031,26.5154,23.4846,0.3,26.4887,23.3177,3.171,3510.23,0.76923,-3.9595,820.4,-0.23892,0.5857
0.825,8842.1,29010.0,1.0282,22.0216,14.982,7.0396,4552.92,0.49305,24.6524,25.3476,0.3,26.5787,23.3742,3.2045,3522.15,0.76923,-4.5571,1030.77,-0.27618,0.7282
0.9,8842.1,29010.0,1.1707,21.6092,14.0354,7.5739,4781.57,0.46068,23.034,26.966,0.3,26.6766,23.4358,3.2408,3535.13,0.76923,-5.0674,1246.44,-0.30855,0.8707
0.975,8842.1,29010.0,1.1082,21.9636,14.4927,7.4709,4720.04,0.47434,23.7169,26.2831,0.3,26.7824,23.5027,3.2798,3549.15,0.76923,-4.8189,1170.89,-0.29489,0.8082
1.05,8842.1,29010.0,1.0457,22.3382,14.9812,7.357,4658.24,0.48883,24.4415,25.5585,0.3,26.896,23.5746,3.3214,3564.2,0.76923,-4.5578,1094.04,-0.2804,0.7457
1.125,8842.1,29010.0,0.9832,22.7339,15.5038,7.2301,4595.91,0.50424,25.2118,24.7882,0.3,27.0172,23.6517,3.3655,3580.26,0.76923,-4.2833,1015.65,-0.265,0.6832
1.2,8842.1,29010.0,0.9207,23.1513,16.0639,7.0874,4532.79,0.52064,26.0322,23.9678,0.3,27.1458,23.7338,3.412,3597.3,0.76923,-3.9945,935.49,-0.24859,0.6207
1.275,8842.1,29010.0,0.8582,23.5913,16.6651,6.9262,4468.64,0.53816,26.9078,23.0922,0.3,27.2817,23.8209,3.4608,3615.31,0.76923,-3.6904,853.33,-0.23108,0.5582
1.35,8842.1,29010.0,0.7957,24.0551,17.3118,6.7433,4403.23,0.55689,27.8443,22.1557,0.3,27.4247,23.9129,3.5118,3634.27,0.76923,-3.3697,768.96,-0.21234,0.4957
1.425,8842.1,29010.0,0.7332,24.5439,18.0087,6.5351,4336.34,0.57697,28.8484,21.1516,0.3,27.5748,24.0098,3.565,3654.15,0.76923,-3.0309,682.18,-0.19226,0.4332
1.5,8842.1,29010.0,0.6707,25.0593,18.7616,6.2977,4267.74,0.59855,29.9276,20.0724,0.3,27.7317,24.1115,3.6202,3674.95,0.76923,-2.6724,592.8,-0.17068,0.3707
1.575,8842.1,29010.0,0.6082,25.6032,19.5768,6.0264,4197.25,0.62181,31.0907,18.9093,0.3,27.8953,24.218,3.6773,3696.62,0.76923,-2.2921,500.63,-0.14742,0.3082
1.65,8842.1,29010.0,0.5457,26.1778,20.4619,5.716,4124.68,0.64696,32.3478,17.6522,0.3,28.0654,24.3291,3.7363,3719.17,0.76923,-1.8876,405.51,-0.12227,0.2457
1.725,8842.1,29010.0,0.4832,26.7859,21.4256,5.3604,4049.84,0.67422,33.7109,16.2891,0.3,28.242,24.4449,3.797,3742.56,0.76923,-1.456,307.27,-0.09501,0.1832
1.8,8842.1,29010.0,0.4207,27.4307,22.4783,4.9524,3972.56,0.70388,35.1939,14.8061,0.3,28.4247,24.5653,3.8594,3766.78,0.76923,-0.994,205.77,-0.06535,0.1207
0.0,9473.7,31082.0,0.2258,26.7748,24.3964,2.3783,3345.62,0.81579,40.7897,9.2103,0.3,25.9835,23.0039,2.9795,3443.27,0.76923,0.7913,-97.66,0.04656,-0.0742
0.075,9473.7,31082.0,0.2258,26.7789,24.3993,2.3797,3346.14,0.81579,40.7897,9.2103,0.3,25.9878,23.0066,2.9812,3443.85,0.76923,0.7911,-97.71,0.04656,-0.0742
0.15,9473.7,31082.0,0.2258,26.7915,24.4078,2.3837,3347.7,0.81579,40.7897,9.2103,0.3,26.0009,23.0147,2.9862,3445.58,0.76923,0.7906,-97.88,0.04656,-0.0742
0.225,9473.7,31082.0,0.2258,26.8123,24.422,2.3903,3350.31,0.81579,40.7897,9.2103,0.3,26.0226,23.028,2.9946,3448.46,0.76923,0.7897,-98.15,0.04656,-0.0742
0.3,9473.7,31082.0,0.2258,26.8415,24.4418,2.3996,3353.95,0.81579,40.7897,9.2103,0.3,26.053,23.0468,3.0062,3452.49,0.76923,0.7885,-98.53,0.04656,-0.0742
0.375,9473.7,31082.0,0.2258,26.8789,24.4673,2.4116,3358.63,0.81579,40.7897,9.2103,0.3,26.092,23.0708,3.0211,3457.65,0.76923,0.7869,-99.02,0.04656,-0.0742
0.45,9473.7,31082.0,0.3208,25.9352,22.7364,3.1988,3491.87,0.75712,37.8558,12.1442,0.3,26.1395,23.1002,3.0393,3463.94,0.76923,-0.2042,27.92,-0.01211,0.0208
0.525,9473.7,31082.0,0.4633,24.7521,20.5531,4.199,3692.13,0.68339,34.1693,15.8307,0.3,26.1954,23.1349,3.0605,3471.36,0.76923,-1.4433,220.77,-0.08584,0.1633
0.6,9473.7,31082.0,0.6058,23.8047,18.7615,5.0432,3896.59,0.62274,31.1371,18.8629,0.3,26.2597,23.1748,3.0849,3479.88,0.76923,-2.455,416.71,-0.14649,0.3058
0.675,9473.7,31082.0,0.7483,23.0384,17.2659,5.7725,4105.82,0.57198,28.5992,21.4008,0.3,26.3323,23.2199,3.1123,3489.49,0.76923,-3.2939,616.32,-0.19725,0.4483
0.75,9473.7,31082.0,0.8908,22.4151,15.9993,6.4158,4320.34,0.52888,26.4438,23.5562,0.3,26.413,23.2703,3.1427,3500.19,0.76923,-3.9979,820.15,-0.24035,0.5908
0.825,9473.7,31082.0,1.0333,21.9072,14.9135,6.9937,4540.67,0.49181,24.5906,25.4094,0.3,26.5017,23.3259,3.1759,3511.95,0.76923,-4.5945,1028.72,-0.27742,0.7333
0.9,9473.7,31082.0,1.1758,21.4942,13.973,7.5212,4767.29,0.4596,22.9801,27.0199,0.3,26.5984,23.3866,3.2118,3524.76,0.76923,-5.1041,1242.53,-0.30963,0.8758
0.975,9473.7,31082.0,1.1133,21.847,14.4268,7.4202,4706.34,0.47319,23.6597,26.3403,0.3,26.7028,23.4524,3.2505,3538.6,0.76923,-4.8558,1167.74,-0.29604,0.8133
1.05,9473.7,31082.0,1.0508,22.22,14.9113,7.3086,4645.12,0.48761,24.3807,25.6193,0.3,26.8149,23.5232,3.2917,3553.45,0.76923,-4.5949,1091.68,-0.28162,0.7508
1.125,9473.7,31082.0,0.9883,22.6138,15.4297,7.1841,4583.38,0.50294,25.1471,24.8529,0.3,26.9344,23.5991,3.3354,3569.29,0.76923,-4.3207,1014.09,-0.26629,0.6883
1.2,9473.7,31082.0,0.9258,23.0292,15.985,7.0442,4520.86,0.51926,25.9632,24.0368,0.3,27.0614,23.6799,3.3815,3586.11,0.76923,-4.0322,934.75,-0.24997,0.6258
1.275,9473.7,31082.0,0.8633,23.4671,16.581,6.8862,4457.32,0.53668,26.8341,23.1659,0.3,27.1955,23.7656,3.4299,3603.89,0.76923,-3.7284,853.43,-0.23255,0.5633
1.35,9473.7,31082.0,0.8008,23.9286,17.2218,6.7068,4392.52,0.55531,27.7654,22.2346,0.3,27.3367,23.8562,3.4804,3622.59,0.76923,-3.408,769.93,-0.21392,0.5008
1.425,9473.7,31082.0,0.7383,24.415,17.9124,6.5026,4326.26,0.57527,28.7637,21.2363,0.3,27.4847,23.9516,3.5331,3642.22,0.76923,-3.0697,684.04,-0.19396,0.4383
1.5,9473.7,31082.0,0.6758,24.9279,18.6581,6.2697,4258.32,0.59673,29.8365,20.1635,0.3,27.6396,24.0518,3.5878,3662.74,0.76923,-2.7117,595.58,-0.1725,0.3758
1.575,9473.7,31082.0,0.6133,25.469,19.4654,6.0036,4188.5,0.61985,30.9924,19.0076,0.3,27.801,24.1566,3.6444,3684.13,0.76923,-2.332,504.36,-0.14938,0.3133
1.65,9473.7,31082.0,0.5508,26.0407,20.3417,5.699,4116.61,0.64483,32.2414,17.7586,0.3,27.9689,24.266,3.7029,3706.38,0.76923,-1.9282,410.22,-0.1244,0.2508
1.725,9473.7,31082.0,0.4883,26.6456,21.2955,5.3501,4042.47,0.67191,33.5954,16.4046,0.3,28.1432,24.3801,3.7631,3729.47,0.76923,-1.4975,313.0,-0.09732,0.1883
1.8,9473.7,31082.0,0.4258,27.2869,22.3371,4.9499,3965.92,0.70136,35.068,14.932,0.3,28.3235,24.4986,3.825,3753.38,0.76923,-1.0366,212.55,-0.06787,0.1258
0.0,10105.3,33154.0,0.2308,26.6508,24.2517,2.3991,3343.71,0.81248,40.624,9.376,0.3,25.9132,22.9608,2.9524,3433.96,0.76923,0.7376,-90.25,0.04325,-0.0692
0.075,10105.3,33154.0,0.2308,26.6549,24.2545,2.4004,3344.23,0.81248,40.624,9.376,0.3,25.9175,22.9634,2.9541,3434.53,0.76923,0.7375,-90.3,0.04325,-0.0692
0.15,10105.3,33154.0,0.2308,26.6673,24.2628,2.4045,3345.78,0.81248,40.624,9.376,0.3,25.9303,22.9713,2.959,3436.23,0.76923,0.737,-90.45,0.04325,-0.0692
0.225,10105.3,33154.0,0.2308,26.6879,24.2767,2.4112,3348.37,0.81248,40.624,9.376,0.3,25.9518,22.9845,2.9673,3439.07,0.76923,0.7362,-90.7,0.04325,-0.0692
0.3,10105.3,33154.0,0.2308,26.7168,24.2962,2.4206,3351.99,0.81248,40.624,9.376,0.3,25.9817,23.0029,2.9789,3443.04,0.76923,0.735,-91.06,0.04325,-0.0692
0.375,10105.3,33154.0,0.2308,26.7538,24.3212,2.4326,3356.63,0.81248,40.624,9.376,0.3,26.0202,23.0265,2.9936,3448.14,0.76923,0.7336,-91.51,0.04325,-0.0692
0.45,10105.3,33154.0,0.3258,25.8137,22.6068,3.207,3488.67,0.75426,37.7131,12.2869,0.3,26.067,23.0554,3.0116,3454.35,0.76923,-0.2533,34.32,-0.01497,0.0258
0.525,10105.3,33154.0,0.4683,24.6344,20.443,4.1914,3687.12,0.68106,34.053,15.947,0.3,26.1222,23.0895,3.0327,3461.66,0.76923,-1.4879,225.46,-0.08817,0.1683
0.6,10105.3,33154.0,0.6108,23.6891,18.6662,5.0229,3889.74,0.62081,31.0405,18.9595,0.3,26.1857,23.1288,3.0569,3470.07,0.76923,-2.4966,419.67,-0.14842,0.3108
0.675,10105.3,33154.0,0.7533,22.9238,17.182,5.7418,4097.08,0.57035,28.5177,21.4823,0.3,26.2572,23.1733,3.084,3479.55,0.76923,-3.3334,617.52,-0.19888,0.4533
0.75,10105.3,33154.0,0.8958,22.3008,15.9245,6.3763,4309.66,0.52748,26.3741,23.6259,0.3,26.3369,23.2228,3.1141,3490.11,0.76923,-4.0361,819.56,-0.24175,0.5958
0.825,10105.3,33154.0,1.0383,21.7926,14.8461,6.9465,4528.01,0.4906,24.5302,25.4698,0.3,26.4244,23.2775,3.147,3501.71,0.76923,-4.6319,1026.3,-0.27863,0.7383
0.9,10105.3,33154.0,1.1808,21.3788,13.9116,7.4673,4752.6,0.45855,22.9274,27.0726,0.3,26.5198,23.3372,3.1826,3514.34,0.76923,-5.1409,1238.26,-0.31068,0.8808
0.975,10105.3,33154.0,1.1183,21.73,14.3618,7.3683,4692.23,0.47208,23.6038,26.3962,0.3,26.6228,23.4019,3.2209,3528.0,0.76923,-4.8928,1164.23,-0.29715,0.8183
1.05,10105.3,33154.0,1.0558,22.1013,14.8425,7.2589,4631.59,0.48643,24.3214,25.6786,0.3,26.7334,23.4716,3.2617,3542.65,0.76923,-4.632,1088.94,-0.2828,0.7558
1.125,10105.3,33154.0,0.9933,22.4933,15.3565,7.1368,4570.44,0.50168,25.084,24.916,0.3,26.8513,23.5463,3.305,3558.28,0.76923,-4.358,1012.16,-0.26755,0.6933
1.2,10105.3,33154.0,0.9308,22.9068,15.9072,6.9996,4508.51,0.51792,25.896,24.104,0.3,26.9765,23.6258,3.3507,3574.87,0.76923,-4.0697,933.64,-0.25131,0.6308
1.275,10105.3,33154.0,0.8683,23.3427,16.498,6.8446,4445.58,0.53525,26.7623,23.2377,0.3,27.1088,23.7102,3.3986,3592.41,0.76923,-3.7662,853.17,-0.23398,0.5683
1.35,10105.3,33154.0,0.8058,23.802,17.1332,6.6687,4381.4,0.55377,27.6886,22.3114,0.3,27.2481,23.7994,3.4488,3610.86,0.76923,-3.4462,770.54,-0.21546,0.5058
1.425,10105.3,33154.0,0.7433,24.286,17.8175,6.4685,4315.78,0.57362,28.6812,21.3188,0.3,27.3942,23.8933,3.501,3630.23,0.76923,-3.1083,685.55,-0.19561,0.4433
1.5,10105.3,33154.0,0.6808,24.7963,18.5563,6.24,4248.48,0.59495,29.7477,20.2523,0.3,27.547,23.9918,3.5552,3650.47,0.76923,-2.7507,598.01,-0.17428,0.3808
1.575,10105.3,33154.0,0.6183,25.3348,19.3558,5.9789,4179.33,0.61793,30.8966,19.1034,0.3,27.7063,24.095,3.6113,3671.58,0.76923,-2.3716,507.75,-0.1513,0.3183
1.65,10105.3,33154.0,0.5558,25.9036,20.2234,5.6801,4108.13,0.64276,32.1378,17.8622,0.3,27.872,24.2028,3.6692,3693.53,0.76923,-1.9684,414.6,-0.12647,0.2558
1.725,10105.3,33154.0,0.4933,26.5054,21.1676,5.3378,4034.7,0.66966,33.4829,16.5171,0.3,28.0439,24.315,3.7288,3716.31,0.76923,-1.5385,318.39,-0.09957,0.1933
1.8,10105.3,33154.0,0.4308,27.1433,22.1982,4.9451,3958.89,0.69891,34.9455,15.0545,0.3,28.2219,24.4317,3.7901,3739.9,0.76923,-1.0785,218.99,-0.07032,0.1308
0.0,10736.8,35226.0,0.2359,26.5254,24.1061,2.4194,3341.77,0.80913,40.4563,9.5437,0.3,25.8425,22.9175,2.925,3424.6,0.76923,0.6829,-82.82,0.0399,-0.0641
0.075,10736.8,35226.0,0.2359,26.5295,24.1088,2.4207,3342.29,0.80913,40.4563,9.5437,0.3,25.8468,22.9201,2.9267,3425.16,0.76923,0.6828,-82.87,0.0399,-0.0641
0.15,10736.8,35226.0,0.2359,26.5418,24.117,2.4248,3343.83,0.80913,40.4563,9.5437,0.3,25.8595,22.9278,2.9316,3426.84,0.76923,0.6823,-83.01,0.0399,-0.0641
0.225,10736.8,35226.0,0.2359,26.5622,24.1306,2.4316,3346.4,0.80913,40.4563,9.5437,0.3,25.8806,22.9408,2.9398,3429.64,0.76923,0.6816,-83.24,0.0399,-0.0641
0.3,10736.8,35226.0,0.2359,26.5907,24.1497,2.441,3350.0,0.80913,40.4563,9.5437,0.3,25.9102,22.9589,2.9513,3433.56,0.76923,0.6805,-83.56,0.0399,-0.0641
0.375,10736.8,35226.0,0.2359,26.6273,24.1742,2.4531,3354.6,0.80913,40.4563,9.5437,0.3,25.9481,22.9822,2.9659,3438.58,0.76923,0.6792,-83.98,0.0399,-0.0641
0.45,10736.8,35226.0,0.3309,25.6909,22.4764,3.2146,3485.43,0.75137,37.5686,12.4314,0.3,25.9943,23.0106,2.9837,3444.71,0.76923,-0.3033,40.73,-0.01786,0.0309
0.525,10736.8,35226.0,0.4734,24.5154,20.3321,4.1833,3682.06,0.6787,33.9351,16.0649,0.3,26.0487,23.0441,3.0046,3451.92,0.76923,-1.5333,230.14,-0.09053,0.1734
0.6,10736.8,35226.0,0.6159,23.5722,18.5702,5.002,3882.81,0.61885,30.9425,19.0575,0.3,26.1113,23.0828,3.0285,3460.21,0.76923,-2.539,422.6,-0.15038,0.3159
0.675,10736.8,35226.0,0.7584,22.8081,17.0976,5.7105,4088.25,0.5687,28.4349,21.5651,0.3,26.1819,23.1265,3.0554,3469.57,0.76923,-3.3738,618.68,-0.20053,0.4584
0.75,10736.8,35226.0,0.9009,22.1853,15.8492,6.3361,4298.88,0.52607,26.3033,23.6967,0.3,26.2604,23.1752,3.0852,3479.97,0.76923,-4.0751,818.91,-0.24316,0.6009
0.825,10736.8,35226.0,1.0434,21.6768,14.7781,6.8987,4515.23,0.48938,24.469,25.531,0.3,26.3468,23.229,3.1178,3491.41,0.76923,-4.6699,1023.81,-0.27985,0.7434
0.9,10736.8,35226.0,1.1859,21.2624,13.8497,7.4127,4737.76,0.45748,22.8739,27.1261,0.3,26.4408,23.2877,3.1531,3503.88,0.76923,-5.1784,1233.88,-0.31175,0.8859
0.975,10736.8,35226.0,1.1234,21.612,14.2963,7.3157,4677.97,0.47094,23.5471,26.4529,0.3,26.5424,23.3514,3.191,3517.34,0.76923,-4.9304,1160.63,-0.29829,0.8234
1.05,10736.8,35226.0,1.0609,21.9816,14.7731,7.2084,4617.92,0.48522,24.2612,25.7388,0.3,26.6514,23.42,3.2315,3531.79,0.76923,-4.6699,1086.13,-0.28401,0.7609
1.125,10736.8,35226.0,0.9984,22.3718,15.2829,7.0888,4557.36,0.5004,25.02,24.98,0.3,26.7678,23.4934,3.2744,3547.21,0.76923,-4.396,1010.15,-0.26883,0.6984
1.2,10736.8,35226.0,0.9359,22.7833,15.8289,6.9544,4496.04,0.51656,25.8278,24.1722,0.3,26.8913,23.5717,3.3196,3563.58,0.76923,-4.108,932.46,-0.25268,0.6359
1.275,10736.8,35226.0,0.8734,23.217,16.4146,6.8025,4433.72,0.53379,26.6894,23.3106,0.3,27.0218,23.6547,3.3671,3580.87,0.76923,-3.8048,852.85,-0.23544,0.5734
1.35,10736.8,35226.0,0.8109,23.6741,17.0441,6.63,4370.17,0.55221,27.6106,22.3894,0.3,27.1592,23.7424,3.4168,3599.08,0.76923,-3.4851,771.1,-0.21702,0.5109
1.425,10736.8,35226.0,0.7484,24.1557,17.722,6.4337,4305.18,0.57195,28.5976,21.4024,0.3,27.3033,23.8348,3.4685,3618.17,0.76923,-3.1476,687.01,-0.19728,0.4484
1.5,10736.8,35226.0,0.6859,24.6635,18.4538,6.2097,4238.55,0.59315,29.6577,20.3423,0.3,27.454,23.9318,3.5222,3638.14,0.76923,-2.7905,600.4,-0.17608,0.3859
1.575,10736.8,35226.0,0.6234,25.1992,19.2456,5.9536,4170.07,0.61599,30.7996,19.2004,0.3,27.6111,24.0333,3.5778,3658.97,0.76923,-2.4119,511.1,-0.15324,0.3234
1.65,10736.8,35226.0,0.5609,25.7651,20.1045,5.6606,4099.56,0.64066,32.0328,17.9672,0.3,27.7745,24.1394,3.6352,3680.62,0.76923,-2.0095,418.94,-0.12857,0.2609
1.725,10736.8,35226.0,0.4984,26.3637,21.039,5.3248,4026.85,0.66738,33.3689,16.6311,0.3,27.9441,24.2498,3.6943,3703.09,0.76923,-1.5804,323.76,-0.10185,0.1984
1.8,10736.8,35226.0,0.4359,26.9983,22.0587,4.9396,3951.78,0.69643,34.8214,15.1786,0.3,28.1197,24.3647,3.755,3726.36,0.76923,-1.1213,225.42,-0.0728,0.1359
0.0,11368.4,37298.0,0.2409,26.4411,23.99,2.451,3344.62,0.80587,40.2933,9.7067,0.3,25.813,22.8994,2.9136,3420.68,0.76923,0.6281,-76.06,0.03664,-0.0591
0.075,11368.4,37298.0,0.2409,26.4451,23.9927,2.4524,3345.14,0.80587,40.2933,9.7067,0.3,25.8172,22.902,2.9152,3421.24,0.76923,0.6279,-76.1,0.03664,-0.0591
0.15,11368.4,37298.0,0.2409,26.4574,24.0008,2.4565,3346.68,0.80587,40.2933,9.7067,0.3,25.8298,22.9097,2.9201,3422.91,0.76923,0.6275,-76.23,0.03664,-0.0591
0.225,11368.4,37298.0,0.2409,26.4777,24.0143,2.4634,3349.25,0.80587,40.2933,9.7067,0.3,25.8509,22.9226,2.9283,3425.7,0.76923,0.6268,-76.45,0.03664,-0.0591
0.3,11368.4,37298.0,0.2409,26.5061,24.0331,2.473,3352.85,0.80587,40.2933,9.7067,0.3,25.8802,22.9406,2.9397,3429.59,0.76923,0.6259,-76.74,0.03664,-0.0591
0.375,11368.4,37298.0,0.2409,26.5426,24.0574,2.4852,3357.46,0.80587,40.2933,9.7067,0.3,25.9179,22.9637,2.9543,3434.59,0.76923,0.6247,-77.12,0.03664,-0.0591
0.45,11368.4,37298.0,0.3359,25.6122,22.374,3.2382,3487.8,0.74856,37.428,12.572,0.3,25.9639,22.9919,2.972,3440.68,0.76923,-0.3516,47.13,-0.02067,0.0359
0.525,11368.4,37298.0,0.4784,24.4433,20.2467,4.1966,3683.69,0.67641,33.8203,16.1797,0.3,26.018,23.0252,2.9928,3447.85,0.76923,-1.5747,235.84,-0.09282,0.1784
0.6,11368.4,37298.0,0.6209,23.5049,18.4975,5.0074,3883.7,0.61694,30.8471,19.1529,0.3,26.0802,23.0635,3.0166,3456.09,0.76923,-2.5753,427.61,-0.15229,0.3209
0.675,11368.4,37298.0,0.7634,22.7441,17.0347,5.7093,4088.36,0.56709,28.3543,21.6457,0.3,26.1504,23.1069,3.0434,3465.39,0.76923,-3.4063,622.98,-0.20214,0.4634
0.75,11368.4,37298.0,0.9059,22.1237,15.7941,6.3296,4298.22,0.52469,26.2343,23.7657,0.3,26.2284,23.1554,3.0731,3475.74,0.76923,-4.1047,822.49,-0.24454,0.6059
0.825,11368.4,37298.0,1.0484,21.6169,14.7292,6.8877,4513.77,0.48819,24.4093,25.5907,0.3,26.3143,23.2087,3.1055,3487.11,0.76923,-4.6974,1026.65,-0.28104,0.7484
0.9,11368.4,37298.0,1.1909,21.2036,13.8058,7.3978,4735.48,0.45643,22.8217,27.1783,0.3,26.4078,23.2671,3.1407,3499.5,0.76923,-5.2042,1235.97,-0.3128,0.8909
0.975,11368.4,37298.0,1.1284,21.552,14.2499,7.3022,4675.98,0.46984,23.4918,26.5082,0.3,26.5088,23.3303,3.1785,3512.89,0.76923,-4.9568,1163.09,-0.29939,0.8284
1.05,11368.4,37298.0,1.0659,21.9203,14.7238,7.1965,4616.23,0.48405,24.2025,25.7975,0.3,26.6172,23.3984,3.2188,3527.25,0.76923,-4.6969,1088.98,-0.28518,0.7659
1.125,11368.4,37298.0,1.0034,22.3091,15.2305,7.0786,4555.97,0.49915,24.9576,25.0424,0.3,26.7329,23.4713,3.2615,3542.58,0.76923,-4.4237,1013.39,-0.27008,0.7034
1.2,11368.4,37298.0,0.9409,22.7191,15.773,6.9462,4494.96,0.51522,25.7612,24.2388,0.3,26.8556,23.549,3.3066,3558.85,0.76923,-4.1365,936.11,-0.25401,0.6409
1.275,11368.4,37298.0,0.8784,23.1512,16.3548,6.7964,4432.96,0.53237,26.6184,23.3816,0.3,26.9854,23.6315,3.3539,3576.05,0.76923,-3.8342,856.91,-0.23686,0.5784
1.35,11368.4,37298.0,0.8159,23.6065,16.9801,6.6264,4369.73,0.55069,27.5346,22.4654,0.3,27.122,23.7186,3.4034,3594.15,0.76923,-3.5155,775.59,-0.21854,0.5159
1.425,11368.4,37298.0,0.7534,24.0862,17.6534,6.4328,4305.08,0.57032,28.516,21.484,0.3,27.2653,23.8104,3.4549,3613.13,0.76923,-3.179,691.94,-0.19891,0.4534
1.5,11368.4,37298.0,0.6909,24.5919,18.38,6.2119,4238.79,0.5914,29.5701,20.4299,0.3,27.4151,23.9067,3.5084,3632.99,0.76923,-2.8232,605.8,-0.17783,0.3909
1.575,11368.4,37298.0,0.6284,25.1254,19.1659,5.9594,4170.66,0.6141,30.705,19.295,0.3,27.5713,24.0076,3.5638,3653.69,0.76923,-2.4459,516.97,-0.15513,0.3284
1.65,11368.4,37298.0,0.5659,25.6888,20.0184,5.6704,4100.52,0.63861,31.9305,18.0695,0.3,27.7338,24.1129,3.6209,3675.22,0.76923,-2.045,425.29,-0.13062,0.2659
1.725,11368.4,37298.0,0.5034,26.2847,20.9455,5.3393,4028.18,0.66516,33.2579,16.7421,0.3,27.9024,24.2226,3.6798,3697.56,0.76923,-1.6177,330.62,-0.10407,0.2034
1.8,11368.4,37298.0,0.4409,26.9163,21.9569,4.9594,3953.49,0.69401,34.7005,15.2995,0.3,28.077,24.3367,3.7403,3720.7,0.76923,-1.1606,232.79,-0.07522,0.1409
0.0,12000.0,39370.0,0.246,26.3845,23.8919,2.4927,3351.18,0.80257,40.1284,9.8716,0.3,25.813,22.8994,2.9136,3420.68,0.76923,0.5715,-69.5,0.03334,-0.054
0.075,12000.0,39370.0,0.246,26.3886,23.8945,2.4941,3351.7,0.80257,40.1284,9.8716,0.3,25.8172,22.902,2.9152,3421.24,0.76923,0.5714,-69.54,0.03334,-0.054
0.15,12000.0,39370.0,0.246,26.4009,23.9026,2.4983,3353.26,0.80257,40.1284,9.8716,0.3,25.8298,22.9097,2.9201,3422.91,0.76923,0.571,-69.65,0.03334,-0.054
0.225,12000.0,39370.0,0.246,26.4213,23.916,2.5053,3355.85,0.80257,40.1284,9.8716,0.3,25.8509,22.9226,2.9283,3425.7,0.76923,0.5704,-69.85,0.03334,-0.054
0.3,12000.0,39370.0,0.246,26.4498,23.9348,2.515,3359.47,0.80257,40.1284,9.8716,0.3,25.8802,22.9406,2.9397,3429.59,0.76923,0.5695,-70.12,0.03334,-0.054
0.375,12000.0,39370.0,0.246,26.4864,23.9589,2.5275,3364.12,0.80257,40.1284,9.8716,0.3,25.9179,22.9637,2.9543,3434.59,0.76923,0.5684,-70.47,0.03334,-0.054
0.45,12000.0,39370.0,0.341,25.5638,22.2889,3.2749,3494.5,0.74571,37.2856,12.7144,0.3,25.9639,22.9919,2.972,3440.68,0.76923,-0.4001,53.82,-0.02352,0.041
0.525,12000.0,39370.0,0.4835,24.4039,20.1771,4.2268,3690.43,0.67408,33.7041,16.2959,0.3,26.018,23.0252,2.9928,3447.85,0.76923,-1.6141,242.59,-0.09515,0.1835
0.6,12000.0,39370.0,0.626,23.4722,18.4395,5.0327,3890.49,0.61501,30.7503,19.2497,0.3,26.0802,23.0635,3.0166,3456.09,0.76923,-2.608,434.4,-0.15422,0.326
0.675,12000.0,39370.0,0.7685,22.7165,16.9856,5.7309,4095.22,0.56545,28.2725,21.7275,0.3,26.1504,23.1069,3.0434,3465.39,0.76923,-3.4339,629.83,-0.20378,0.4685
0.75,12000.0,39370.0,0.911,22.1002,15.7519,6.3483,4305.14,0.52329,26.1643,23.8357,0.3,26.2284,23.1554,3.0731,3475.74,0.76923,-4.1282,829.41,-0.24594,0.611
0.825,12000.0,39370.0,1.0535,21.5966,14.6927,6.904,4520.76,0.48697,24.3487,25.6513,0.3,26.3143,23.2087,3.1055,3487.11,0.76923,-4.7176,1033.65,-0.28226,0.7535
0.9,12000.0,39370.0,1.196,21.186,13.7738,7.4122,4742.55,0.45537,22.7687,27.2313,0.3,26.4078,23.2671,3.1407,3499.5,0.76923,-5.2218,1243.05,-0.31386,0.896
0.975,12000.0,39370.0,1.1335,21.5334,14.2158,7.3177,4683.14,0.46871,23.4357,26.5643,0.3,26.5088,23.3303,3.1785,3512.89,0.76923,-4.9753,1170.25,-0.30052,0.8335
1.05,12000.0,39370.0,1.071,21.9007,14.6876,7.2131,4623.48,0.48286,24.1429,25.8571,0.3,26.6172,23.3984,3.2188,3527.25,0.76923,-4.7165,1096.23,-0.28637,0.771
1.125,12000.0,39370.0,1.0085,22.2884,15.1918,7.0966,4563.32,0.49788,24.8942,25.1058,0.3,26.7329,23.4713,3.2615,3542.58,0.76923,-4.4445,1020.74,-0.27135,0.7085
1.2,12000.0,39370.0,0.946,22.6971,15.7316,6.9655,4502.41,0.51387,25.6937,24.3063,0.3,26.8556,23.549,3.3066,3558.85,0.76923,-4.1585,943.56,-0.25536,0.646
1.275,12000.0,39370.0,0.8835,23.1279,16.3106,6.8174,4440.51,0.53093,26.5463,23.4537,0.3,26.9854,23.6315,3.3539,3576.05,0.76923,-3.8575,864.46,-0.2383,0.5835
1.35,12000.0,39370.0,0.821,23.5817,16.9326,6.6492,4377.4,0.54915,27.4574,22.5426,0.3,27.122,23.7186,3.4034,3594.15,0.76923,-3.5403,783.25,-0.22008,0.521
1.425,12000.0,39370.0,0.7585,24.0598,17.6022,6.4576,4312.86,0.56867,28.4333,21.5667,0.3,27.2653,23.8104,3.4549,3613.13,0.76923,-3.2055,699.73,-0.20056,0.4585
1.5,12000.0,39370.0,0.696,24.5637,18.3247,6.239,4246.69,0.58962,29.4811,20.5189,0.3,27.4151,23.9067,3.5084,3632.99,0.76923,-2.8514,613.7,-0.17961,0.396
1.575,12000.0,39370.0,0.6335,25.0952,19.1061,5.9891,4178.69,0.61218,30.6091,19.3909,0.3,27.5713,24.0076,3.5638,3653.69,0.76923,-2.4762,525.0,-0.15705,0.3335
1.65,12000.0,39370.0,0.571,25.6563,19.9534,5.703,4108.67,0.63654,31.8269,18.1731,0.3,27.7338,24.1129,3.6209,3675.22,0.76923,-2.0775,433.45,-0.13269,0.271
1.725,12000.0,39370.0,0.5085,26.2498,20.8746,5.3751,4036.47,0.66291,33.1455,16.8545,0.3,27.9024,24.2226,3.6798,3697.56,0.76923,-1.6526,338.91,-0.10632,0.2085
1.8,12000.0,39370.0,0.446,26.8786,21.8795,4.9991,3961.92,0.69156,34.5781,15.4219,0.3,28.077,24.3367,3.7403,3720.7,0.76923,-1.1984,241.22,-0.07767,0.146
